icao24,registration,manufacturername,model,typecode,operator,operatorcallsign,operatoricao,operatoriata
4008ae,G-EUPO,Airbus Industrie,AIRBUS A319-131,A319,,SPEEDBIRD,BAW,
3c664f,D-AIRO,Airbus,A321 131,A321,,LUFTHANSA,DLH,
406b0a,G-STBK,Boeing Company,BOEING 777-336ER,B77W,,SPEEDBIRD,BAW,
3c6572,D-AIKR,Airbus,A330 343E,A333,,LUFTHANSA,DLH,
347307,EC-NUZ,Boeing,737-8GP,B738,Air Europa,EUROPA,AEA,UX
39cea3,F-HTVD,Boeing,737NG 800/W,B738,,FRENCH SUN,TVF,
346489,EC-NLU,,,B734,,,,
a87223,N643UA,Boeing,767-322,B763,United Airlines,UNITED,UAL,UA
45d994,OY-VLT,,,PC12,,,,
8960f9,A6-EDX,Airbus,Airbus A380 861,A388,,EMIRATES,UAE,
345218,EC-MKL,Boeing,737NG 85P/W,B738,Air Europa,EUROPA,AEA,UX
461fa8,OH-LZS,,,A321,,,,
396668,F-GZTI,Boeing,737 408SF,B734,,,,
3443d2,EC-LUO,Airbus,A320 232SL,A320,,VUELING,VLG,
3c6750,D-AIZP,Airbus,A320 214SL,A320,,LUFTHANSA,DLH,
4006c0,G-VIIN,Boeing Company,BOEING 777-236,B772,,SPEEDBIRD,BAW,
44b4a4,OO-MED,,,LJ45,,,,
888139,VN-A894,Airbus,A350 941,A359,,VIET NAM AIRLINES,HVN,
49520f,CS-TPO,Embraer,EMB-190 LR,E190,,AIR PORTUGAL,TAP,
3d3aba,D-EUMK,Cirrus Design,SR22T,S22T,,,,
493281,CS-LTA,Textron Aviation,Citation Latitude,C68A,,,,
345107,EC-MJC,Airbus,A320 232SL,A320,,VUELING,VLG,
8005ee,VT-AND,Boeing,787 8,B788,,AIRINDIA,AIC,
710121,HZ-AK43,Boeing,Boeing 777-300(ER) ,B77W,,SAUDIA,SVA,
3c66e9,D-AIWI,Airbus Industrie,A320-214,A320,Lufthansa,LUFTHANSA,DLH,LH
495215,CS-TPU,Embraer,EMB-190 LR,E190,,AIR PORTUGAL,TAP,
a071ec,N128FE,Boeing,767-3S2F,B763,Federal Express,FEDEX,FDX,FX
49530b,CS-TXK,,,A21N,,,,
a8e4e9,N672UA,Boeing,767-322,B763,,UNITED,UAL,
347256,EC-NTL,,,A320,,,,
aabd7f,N791UA,Boeing,777-222,B772,,UNITED,UAL,
78136b,B-1072,,,A333,,,,
344648,EC-MDK,Airbus,A320 214SL,A320,,IBERIA,IBE,
44ccd8,OO-SFX,Airbus,A330 343E,A333,Brussels Airlines,BEE-LINE,BEL,SN
502d5c,YL-ABK,,,BCS3,,,,
060040,3B-NCE,Airbus,A350-941,A359,Air Mauritius,AIRMAURITIUS,MAU,MK
4400dc,OE-FRD,Piper,PA-34 220T Seneca III,PA34,,,,
44052d,OE-FHK,Cessna,Citation Mustang,C510,,,,
485a84,PH-TFR,,,B38M,,,,
4853d2,PH-HXI,Boeing,737NG 800/W,B738,,TRANSAVIA,TRA,
4d2255,9H-QDI,,,B738,,,,
4b18fe,HB-JMC,Airbus,A340-313,A343,Swiss International Air Lines Ltd.,SWISS,SWR,LX
4ca6fc,EI-DYY,The Boeing Company,BOEING 737-8AS,B738,,RYANAIR,RYR,
346350,EC-NGL,,,A319,,,,
4b1885,HB-JHL,Airbus,A330-343,A333,Swiss International Air Lines,SWISS,SWR,LX
4952c8,CS-TVH,,,A20N,Tap Portugal,AIR PORTUGAL,TAP,TP
3c64af,D-AIEO,,,A21N,,,,
a68336,N519DN,Airbus Sas,A350-941,A359,Delta Air Lines,DELTA,DAL,DL
406d4e,G-LCYV,Empresa Brasileira De Aeronautica Sa,ERJ 190-100 SR Embraer 190,E190,,FLYER,CFE,
a4caba,N408DX,Airbus,A330-941,A339,Delta Air Lines,DELTA,DAL,DL
39cf13,F-HTYT,,,A359,,,,
aa9300,N78009,Boeing,777-224,B772,,UNITED,UAL,
a21633,N2331U,Boeing,777-300ER,B77W,United Airlines,UNITED,UAL,UA
3986e4,F-HBXE,Embraer,EMB-170 STD,E170,Hop!,AIR HOP,HOP,A5
c04fdd,C-GEGI,,,A333,,,,
0101b9,SU-GEI,Boeing,737NG 800/W,B738,,EGYPTAIR,MSR,
4cad42,EI-SIO,,,A20N,,,,
a31a77,N29985,Boeing,787-9,B789,United Airlines,UNITED,UAL,UA
4851b3,PH-BVP,Boeing,777 306ER,B77W,,KLM,KLM,
4952b3,CS-TUS,,,A339,,,,
c01732,C-FIUJ,The Boeing Company,777-233LR (Boeing),B77L,,AIR CANADA,ACA,
020176,CN-NMQ,,,A320,,,,
4852f5,PH-EXH,Embraer,EMB-175 200STD,E75L,,CITY,KLC,
a4c9d5,N4076J,Textron Aviation,Citation M2,C25M,,,,
48418c,PH-BXR,Boeing,737NG 9K2/W,B739,,KLM,KLM,
471eff,HA-LTF,,A321-231 ,A321,Wizz Air,WIZZAIR,WZZ,W6
48455e,PH-BVA,Boeing,Boeing 777-306(ER),B77W,Klm,KLM,KLM,KL
4007f6,G-YMMK,Boeing Company,BOEING 777-236,B772,British Airways,SPEEDBIRD,BAW,BA
485873,PH-EXW,Embraer,ERJ-175STD,E75L,Klm Cityhopper,KLM,KLC,WA
490d07,CS-CHG,Bombardier,Challenger 350,CL35,Netjets Europe,FRACTION,NJE,1I
7816a1,B-308L,Airbus Industrie,A330-243F,A332,Sichuan Airlines,SI CHUAN,CSC,3U
aac33e,N793AV,Boeing,787-8,B788,Avianca - Aerovías Del Continente Americano S.a.,AVIANCA,AVA,AV
7608f9,AP-BGY,Boeing,Boeing 777-240(LR),B77L,,PAKISTAN,PIA,
4ac9e2,SE-ROB,Airbus,A320 251NSL,A20N,,SCANDINAVIAN,SAS,
4ca6c4,EI-DVI,Airbus Industrie,A320-214,A320,,SHAMROCK,EIN,
4b161f,HB-IJV,Airbus,A320-214,A320,Edelweiss Air,EDELWEISS,EDW,WK
ad6b0e,N964AM,Boeing,787-8,B788,Aeroméxico,AEROMEXICO,AMX,AM
44ce75,OO-SSU,Airbus,A319 111,A319,Brussels Airlines,BEE-LINE,BEL,SN
5001dc,T7-ME4,,,A21N,,,,
a572b3,N450GA,Gulfstream Aerospace,Gulfstream Aerospace G450,GLF4,Gulfstream Aerospace,GULFSTREAM TEST,GLF,
4cab80,EI-NYE,,,B789,,,,
39856d,F-HBLN,Embraer,Embraer 190STD,E190,Hop!,AIRFRANS,AFR,
3951c2,F-GUOC,Boeing,Boeing 777-F28,B77L,Air France,AIRFRANS,AFR,AF
406e11,G-VOWS,Boeing Company,BOEING 787-9 Dreamliner,B789,Virgin Atlantic Airways,VIRGIN,VIR,VS
485e2e,PH-BKH,,787-10,B78X,,,,
4951d6,CS-TNV,Airbus,A320 214,A320,,AIR PORTUGAL,TAP,
40797c,G-ZBLE,,,B78X,,,,
aa57df,N766AN,Boeing,777-223,B772,,AMERICAN,AAL,
4005c1,G-RAES,Boeing Company,BOEING 777-236,B772,,SPEEDBIRD,BAW,
4d22ac,9H-HLY,,,B738,,,,
484cb7,PH-BGQ,Boeing,737NG 7K2/W,B737,,KLM,KLM,
3c6486,D-AIDF,Airbus,A321 231,A321,,LUFTHANSA,DLH,
48440f,PH-AOA,Airbus,A330 203,A332,,KLM,KLM,
345215,EC-MJU,Boeing,737NG 85P/W,B738,Air Europa,EUROPA,AEA,UX
4b15ed,HB-IHX,Airbus,A320-214,A320,Edelweiss Air,EDELWEISS,EDW,WK
0d0a9a,XA-ADG,,B787-9,B789,Aeroméxico,AEROMEXICO,AMX,AM
4952a6,CS-TUF,Airbus,Airbus A330-941,A339,Tap Portugal,AIR PORTUGAL,TAP,TP
400685,G-VIIM,Boeing Company,BOEING 777-236,B772,,SPEEDBIRD,BAW,
39c422,F-HRBC,Boeing,787 9,B789,,AIRFRANS,AFR,
896480,A6-EUV,Airbus,A380 842,A388,,EMIRATES,UAE,
4858c7,PH-DWS,,,E135,,,,
406a9c,G-ZBJE,Boeing Company,BOEING 787-8 Dreamliner,B788,British Airways,SPEEDBIRD,BAW,BA
440075,OE-XEJ,Eurocopter,EC135 T2,EC35,,,,
3451da,EC-MJQ,Bombardier,CRJ 1000 NG,CRJX,Air Nostrum,AIR NOSTRUM,ANE,YW
4d2303,9H-VUE,,,B38M,,,,
4951ef,CS-TOO,Airbus,A330 202,A332,,AIR PORTUGAL,TAP,
484557,PH-BXZ,Boeing,737NG 8K2/W,B738,,KLM,KLM,
45ac54,OY-KBT,Airbus,A319 132,A319,,SCANDINAVIAN,SAS,
ab8f36,N844FD,Boeing,777FHT,B77L,Federal Express,FEDEX,FDX,FX
4cadac,EI-HJD,Airbus Industrie,A320-272N,A20N,Ita Airways,,ITY,
501e83,9A-CTN,,,A319,,,,
4d21cf,9H-FSJ,,,B738,,,,
440b91,OE-IXC,,,B738,,,,
a8b5fc,N660UA,Boeing,767-322,B763,,UNITED,UAL,
344645,EC-MEA,Airbus,A320 232SL,A320,,VUELING,VLG,
3444ca,EC-MAI,Airbus,A320 214SL,A320,,VUELING,VLG,
4cac97,EI-TCN,,,DA62,,,,
3c4b26,D-ABYF,Boeing,747 830,B748,,LUFTHANSA,DLH,
aa9093,N780AN,Boeing,777-223,B772,,AMERICAN,AAL,
3c6670,D-AISP,Airbus,A321 231,A321,,LUFTHANSA,DLH,
394a13,F-GSQT,Boeing,777 328ER,B77W,,AIRFRANS,AFR,
3453c1,EC-MPS,Boeing,737NG 800/W,B738,Air Europa,EUROPA,AEA,UX
484b90,PH-BGI,Boeing,737NG 7K2/W,B737,,KLM,KLM,
3007ee,I-ADJZ,,,E195,,,,
4ca295,EI-DEO,Airbus Industrie,A320-214,A320,Aer Lingus,SHAMROCK,EIN,EI
398566,F-HBLG,Embraer,EMB-190 STD,E190,Hop!,AIR HOP,HOP,A5
344498,EC-LYM,Airbus,A320 216SL,A320,,,IBS,
3c66a5,D-AIUE,Airbus,A320 214SL,A320,Lufthansa,LUFTHANSA,DLH,LH
02010d,CN-NMH,Airbus,A320 214,A320,Air Arabia Maroc,Air Arabia,,3O
400d5a,G-DBCG,Airbus Sas,AIRBUS A319-131,A319,,SPEEDBIRD,BAW,
abaf47,N852FD,Boeing Co,777-FS2,B77L,Federal Express,FEDEX,FDX,FX
471fad,HA-LZX,,,A21N,,,,
44008e,OE-GJR,,,C25B,,,,
346610,EC-NDB,,A320-271N,A20N,Vueling Airlines,VUELING,VLG,VY
3c656f,D-AIKO,Airbus,A330 343E,A333,,LUFTHANSA,DLH,
47bb0a,LN-RGL,Airbus,A320 251NSL,A20N,,SCANDINAVIAN,SAS,
789218,B-LXF,Airbus Industrie,,A35K,Cathay Pacific,CATHAY,CPA,CX
4ca4f5,EI-DPR,The Boeing Company,BOEING 737-8AS,B738,,RYANAIR,RYR,
40621c,G-STBB,Boeing Company,BOEING 777-36NER,B77W,,SPEEDBIRD,BAW,
4b1939,HB-JOJ,,A319-112,A319,Chair Airlines,,GSW,
495277,CS-TSW,,,B772,,,,
4851f6,PH-BVS,Boeing,777 300ER,B77W,,KLM,KLM,
aa9bb8,N783AN,Boeing,777-223,B772,,AMERICAN,AAL,
44d068,OO-TCH,Airbus,A320 214,A320,Brussels Airlines,BEE-LINE,BEL,SN
406669,G-EZUO,Airbus Sas,AIRBUS A320-214,A320,,EASY,EZY,
aaa125,N784UA,Boeing,777-222,B772,,UNITED,UAL,
406891,G-ZBJD,Boeing Company,BOEING 787-8 Dreamliner,B788,,SPEEDBIRD,BAW,
4854ca,PH-HBK,,,B738,,,,
3c15be,D-AXGB,Airbus,A330 203,A332,,EUROWINGS,EWG,
780a3b,B-KQI,Boeing,777 367ER,B77W,,CATHAY,CPA,
8964ff,A6-BMD,,787-10 Dreamliner,B78X,Etihad Airways,ETIHAD,ETD,EY
406f78,G-ZBKL,Boeing Company,BOEING 787-9 Dreamliner,B789,,SPEEDBIRD,BAW,
39c428,F-HRBI,Boeing,787-9,B789,Air France,AIRFRANS,AFR,AF
4b18ba,HB-JJM,Airbus,A320-214,A320,Edelweiss Air,EDELWEISS,EDW,WK
4acb04,SE-RXD,,,B738,,,,
3c65c8,D-AINH,Airbus,A320 271NSL,A20N,,LUFTHANSA,DLH,
424462,VQ-BXH,Dassault,Falcon 8X,FA8X,,,,
4400b3,OE-LDB,Airbus,A319 111,A319,,AUSTRIAN,AUA,
342213,EC-JFT,Cessna,Citation V,C560,Sky Helicopteros,HELISKY,HSY,
44ccc8,OO-SFH,Airbus Industrie,A330-342,A333,Brussels Airlines,BEE-LINE,BEL,SN
49514e,CS-TJN,Airbus,A321 251N,A21N,Tap Portugal,AIR PORTUGAL,TAP,TP
394a06,F-GSQG,Boeing,777 328ER,B77W,Air France,AIRFRANS,AFR,AF
3991ea,F-HEPK,Airbus Industrie,Airbus A320-214(SL),A320,Air France,AIRFRANS,AFR,AF
344695,EC-MFL,Airbus,A320 232SL,A320,,VUELING,VLG,
407994,G-STBO,,B777-336(ER),B77W,British Airways,SPEEDBIRD,BAW,BA
45ac32,OY-KAR,Airbus,A320 232,A320,,SCANDINAVIAN,SAS,
342105,EC-JFG,Airbus,A320 214,A320,,,IBS,
407537,G-TTNG,Airbus Industrie,A320-251N,A20N,British Airways,SPEEDBIRD,BAW,BA
39ceb2,F-HTVS,,,B738,,,,
34569a,EC-MUY,,,A319,Volotea,VOLOTEA,VOE,V7
344698,EC-MGE,Airbus,Airbus A320 232SL,A320,Vueling Airlines,VUELING,VLG,VY
738050,4X-EHA,Boeing,737NG 958ER/W,B739,,ELAL,ELY,
300394,I-ADJL,Embraer,EMB-195 LR,E195,,DOLOMOTI,DLA,
ac2567,N882BL,,,B788,,,,
aad012,N796UA,Boeing,777-222,B772,,UNITED,UAL,
486265,PH-TDX,Diamond Aircraft Industries Inc.,Diamond DA42,DA42,Vliegclub Schiphol,,,
440665,OE-LBI,Airbus,A320 214,A320,,AUSTRIAN,AUA,
345116,EC-MJR,Airbus,A321 231SL,A321,,VUELING,VLG,
406b4a,G-VOOH,Boeing Company,BOEING 787-9 Dreamliner,B789,,VIRGIN,VIR,
39cf03,F-HTYD,Airbus,Airbus A350-941 ,A359,Air France - France,AIRFRANS,AFR,
4b17e3,HB-JBF,C Series Aircraft Limited Partnership,BD-500-1A10 (CS100),BCS1,Swiss International Air Lines,SWISS,SWR,LX
485a33,PH-BCH,Airbus Industrie,737-8K2,B738,Klm,KLM,KLM,KL
44064a,OE-LQL,Airbus,A319-111,A319,Easyjet,EASY,EZY,U2
aa92f9,N78002,Boeing,777-224,B772,,UNITED,UAL,
896464,A6-BLF,Boeing,B787-9,B789,,ETIHAD,ETD,
a8d3b4,N668UA,Boeing,767-322,B763,,UNITED,UAL,
44006c,OE-LBT,Airbus,A320 214,A320,,AUSTRIAN,AUA,
345643,EC-MVE,Airbus,,A320,Vueling Airlines,VUELING,VLG,VY
4baad0,TC-JVP,Boeing,737NG 8F2/W,B738,,TURKAIR,THY,
4bb276,TC-LSV,,,A21N,,,,
3453d3,EC-MQQ,Bombardier,CRJ 1000 NG,CRJX,Air Nostrum,AIR NOSTRUM,ANE,YW
896407,A6-APD,Airbus,A380 861,A388,,ETIHAD,ETD,
485876,PH-EXZ,Embraer,ERJ-175STD,E75L,Klm Cityhopper,KLM,KLC,WA
4ca813,EI-EKT,The Boeing Company,BOEING 737-8AS,B738,,RYANAIR,RYR,
3965a4,F-GZNE,Boeing,B777-300(ER),B77W,Air France,AIRFRANS,AFR,AF
4b19f5,HB-JVP,Embraer - Empresa Brasileira De Aeronáutica Sa,ERJ 190-100 LR,E190,Helvetic Airways,HELVETIC,OAW,2L
3c70c5,D-ALFE,Boeing,777 FBT,B77L,,LUFTHANSA CARGO,GEC,
aaf828,N806AA,Boeing,787-8,B788,,AMERICAN,AAL,
502d45,YL-ABD,,A220-300,BCS3,Air Baltic,AIRBALTIC,BTI,BT
39cf09,F-HTYJ,,A350-941,A359,Air France,AIRFRANS,AFR,AF
45ce4e,OY-SRN,Boeing,767 219ERBDSF,B762,Star Air,,,S6
4b17fc,HB-JCE,C Series Aircraft Limited Partnership,BD-500-1A11 (CS300),BCS3,Swiss International Air Lines,SWISS,SWR,LX
4b1615,HB-IJL,Airbus,A320-214,A320,Swiss International Air Lines,SWISS,SWR,LX
407cd2,G-XWBM,,,A35K,,,,
8964e3,A6-EVL,,A380-842,A388,Emirates Airlines,EMIRATES,UAE,EK
343046,EC-KLB,Airbus,A320 214,A320,,VUELING,VLG,
3991e3,F-HEPD,Airbus,A320 214,A320,,AIRFRANS,AFR,
aaac4a,N787UA,Boeing,777-222,B772,,UNITED,UAL,
75044d,9M-MAF,,,A359,,,,
c06a39,C-GOFW,,,A333,,,,
394c19,F-GTAZ,Airbus,A321 212,A321,Air France,AIRFRANS,AFR,AF
4ca292,EI-DEL,Airbus Industrie,A320-214,A320,,SHAMROCK,EIN,
345313,EC-MOG,Airbus,A320 232SL,A320,,VUELING,VLG,
48520a,PH-HXB,Boeing,737NG 8K2/W,B738,,TRANSAVIA,TRA,
398563,F-HBLD,Embraer,EMB-190 LR,E190,,,,
44e193,OO-XLS,Cessna,Cessna Citation XLS+,C56X,,,,
4076e3,G-NEOU,Airbus Industrie,A321-251NX,A21N,British Airways,SPEEDBIRD,BAW,BA
344495,EC-LYL,Cessna,Citation C560XL,C56X,Gestair,GESTAIR,GES,GP
49530a,CS-TXJ,,,A21N,,,,
3c64ef,D-AIGO,Airbus,A340 313X,A343,,LUFTHANSA,DLH,
76ccd0,9V-SFP,Boeing,Boeing 747-412F,B744,,SINGCARGO,SQC,
346057,EC-MYX,,Airbus A350-941,A359,Iberia Airlines,IBERIA,IBE,IB
347255,EC-NUG,,,B738,,,,
495217,CS-TPW,Embraer,EMB-190 LR,E190,,AIR PORTUGAL,TAP,
406a9f,G-ZBJH,Boeing Company,BOEING 787-8 Dreamliner,B788,,SPEEDBIRD,BAW,
3e1a54,D-IBEA,,,C25A,,,,
345205,EC-MKX,Airbus,A319 112,A319,,VUELING,VLG,
440c32,OE-LKV,,,A319,,,,
3c64f5,D-AIGU,Airbus,A340 313X,A343,,LUFTHANSA,DLH,
34440a,EC-LVT,Airbus,A320 232SL,A320,,VUELING,VLG,
a8cc46,N666UA,Boeing,767-322,B763,,UNITED,UAL,
44cdcd,OO-SNM,Airbus Industrie,A320-214,A320,Brussels Airlines,BEE-LINE,BEL,SN
495274,CS-TST,,,B763,,,,
3e1b1e,D-IBLU,,,C25M,,,,
440cbe,OE-LSN,,,A20N,,,,
502d5e,YL-ABM,,,BCS3,,,,
a4dfa6,N413DX,Airbus Sas,A330-941,A339,Delta Air Lines,DELTA,DAL,DL
4ca8d9,EI-ENN,The Boeing Company,BOEING 737-8AS,B738,,RYANAIR,RYR,
0d0bba,XA-MFG,Boeing,787-9,B789,Aeromexico Aerovias De Mexico S.a. De C.v. - Mexico,AEROMEXICO,AMX,
aa9d6e,N783UA,Boeing,777-222,B772,,UNITED,UAL,
4cadb7,EI-IFW,,,B38M,,,,
4d028f,LX-RHC,,,CL60,,,,
4952a9,CS-TUI,,A330-941,A339,Tap Portugal,AIR PORTUGAL,TAP,TP
440065,OE-LQZ,Airbus Industrie,A319-111,A319,Easyjet,EASY,EZY,U2
4b18fd,HB-JMB,Airbus,A340-313,A343,Swiss International Air Lines Ltd.,SWISS,SWR,LX
3c68b4,D-AJET,Embraer,Legacy 650,E35L,,Air Hamburg,AHO,
4b180c,HB-JCU,,,BCS3,,,,
a1b5e7,N20904,Boeing,787-8,B788,,UNITED,UAL,
3c64ae,D-AIEN,,,A21N,,,,
343147,EC-KOM,Airbus,A330 202,A332,Plus Ultra Líneas Aéreas,EUROPA,AEA,
3c65c5,D-AINE,Airbus,A320 271NSL,A20N,,LUFTHANSA,DLH,
44ccc2,OO-SFB,Airbus Industrie,A330-342,A333,Brussels Airlines,BEE-LINE,BEL,SN
342210,EC-JGS,Airbus,A321 213,A321,,IBERIA,IBE,
440713,OE-IJE,Airbus Industrie,,A320,Easyjet,EASY,EZY,U2
3c743a,D-AMAZ,,,B38M,,,,
a8afec,N659UA,Boeing,767-322,B763,,UNITED,UAL,
484cc3,PH-EZS,Embraer,EMB-190 STD,E190,Klm Cityhopper,CITY,KLC,WA
505c07,OM-BYB,Fokker,F100,F100,,,,
4010e9,G-EZBU,Airbus Sas,AIRBUS A319-111,A319,,EASY,EZY,
4073a0,G-UZHC,Airbus,A320 251NSL,A20N,,EASY,EZY,
748051,OD-MEE,Airbus,A330 243,A332,,CEDAR JET,MEA,
400776,G-VIIY,Boeing Company,BOEING 777-236,B772,,SPEEDBIRD,BAW,
aa67ac,N77LD,Cirrus Design Corp,SF50,SF50,,,,
406b62,G-EUYX,Airbus Sas,AIRBUS A320-232,A320,,SPEEDBIRD,BAW,
484fde,PH-BCD,Boeing,737NG 8K2/W,B738,,KLM,KLM,
4d226d,9H-QBR,,,B738,,,,
502d23,YL-AAU,,A220-300,BCS3,Air Baltic,AIRBALTIC,BTI,BT
aa4195,N760AN,Boeing,777-223,B772,,AMERICAN,AAL,
3442c9,EC-LTF,Bombardier,Bombardier Global 6000,GLEX,,,,
347344,EC-NVS,,,A20N,,,,
4ca81d,EI-DTM,Airbus Industrie,A320-216,A320,Alitalia,ALITALIA,AZA,AZ
4cc279,TF-ISO,Boeing,Boeing 767-319(ER),B763,,ICEAIR,ICE,
4cafb4,EI-GSH,Boeing,737-800,B738,Ryanair,RYANAIR,RYR,FR
3c5421,D-AEAA,Airbus,A300 B4-622RF,A306,European Air Transport,EUROTRANS,BCS,QY
c078ac,C-GTSD,Airbus Industrie,A330-343 (Airbus),A333,,TRANSAT,TSC,
48af03,SP-LVD,,,B38M,Lot Polish Airlines,POLLOT,LOT,LO
3c6743,D-AIZC,Airbus,A320 214,A320,,LUFTHANSA,DLH,
4855d1,PH-EXO,Embraer,EMB-175 200STD,E75L,,CITY,KLC,
4ca4f8,EI-DPV,The Boeing Company,BOEING 737-8AS,B738,,RYANAIR,RYR,
4d233d,9H-XOB,,,C56X,,,,
44cdc6,OO-SNF,Airbus,A320 214,A320,Brussels Airlines,BEE-LINE,BEL,SN
ab1979,N814NW,Airbus,A330-323,A333,,DELTA,DAL,
4bb26d,TC-LSM,,,A21N,,,,
86e79a,JA872A,Boeing,787 9,B789,,ALL NIPPON,ANA,
406e10,G-VDIA,Boeing Company,BOEING 787-9 Dreamliner,B789,Virgin Atlantic Airways,VIRGIN,VIR,VS
3c66ab,D-AIUK,Airbus,A320 214SL,A320,,LUFTHANSA,DLH,
491306,CS-DXF,Cessna,560XLS Citation Excel,C56X,,,,
406b21,G-XLEH,Airbus Sas,AIRBUS A380-841,A388,,SPEEDBIRD,BAW,
4ca6d6,EI-FNW,The Boeing Company,BOEING 737-86N,B738,,MERAIR,ISS,
4952cb,CS-TVK,,,A20N,,,,
400a5b,G-DBCA,Airbus Sas,AIRBUS A319-131,A319,,SPEEDBIRD,BAW,
471f58,HA-LWQ,Airbus,A320-232,A320,Wizz Air,WIZZAIR,WZZ,W6
3c66ae,D-AIUN,Airbus,A320 214SL,A320,,LUFTHANSA,DLH,
345687,EC-MTZ,Canadair Regional Jet,CRJ-1000,CRJX,Air Nostrum,AIR NOSTRUM,ANE,YW
4bb273,TC-LSS,,,A21N,,,,
3c6635,D-AIQU,Airbus,A320 211,A320,,LUFTHANSA,DLH,
738053,4X-EHD,Boeing,737NG 958ER/W,B739,,ELAL,ELY,
4b1805,HB-JCN,C Series Aircraft Limited Partnership,BD-500-1A11 (CS300),BCS3,Swiss International Air Lines,SWISS,SWR,LX
484bd1,PH-EZF,Embraer,EMB-190 STD,E190,,CITY,KLC,
400795,G-EMBI,Empresa Brasileira De Aeronautica Sa,EMB-145EP,E145,,,BMR,
495299,CS-TTY,Embraer,Embraer E195AR,E190,Tap Express,,,
344305,EC-LUK,Airbus,Airbus A330-302,A333,Iberia Airlines,IBERIA,IBE,IB
347303,EC-NXV,,,B738,,,,
39cf06,F-HTYG,Airbus Industrie,A350-941,A359,Air France,AIRFRANS,AFR,AF
405a4a,G-EUYB,Airbus Sas,AIRBUS A320-232,A320,,SPEEDBIRD,BAW,
461e17,OH-LKH,Embraer,EMB-190 LR,E190,,FINNAIR,FIN,
484166,PH-BXN,Boeing,737NG 8K2/W,B738,,KLM,KLM,
440030,OE-IVB,,,A320,,,,
3c4b4b,D-ABZK,Airbus,A320 216,A320,,EUROWINGS,EWG,
440af5,OE-IWA,,,B738,,,,
a05648,N12012,Boeing,787-10,B78X,United Airlines,UNITED,UAL,UA
4d2302,9H-VUD,,,B38M,Ryanair,RYANAIR,RYR,FR
346555,EC-NLP,,A350-941,A359,Iberia Airlines,IBERIA,IBE,IB
392aee,F-GKXO,Airbus,A320 214,A320,,AIRFRANS,AFR,
3950cc,F-GUGM,Airbus,A318 111,A318,,AIRFRANS,AFR,
47c1f7,LN-FGG,,,B38M,,,,
3c6447,D-AIBG,Airbus,A319 112,A319,,LUFTHANSA,DLH,
34444b,EC-LRG,Airbus,A320 214,A320,,IBERIA,IBE,
400935,G-EUPZ,Airbus Industrie,AIRBUS A319-131,A319,,SPEEDBIRD,BAW,
392af4,F-GKXU,Airbus,A320 214,A320,,AIRFRANS,AFR,
4b187b,HB-JHB,Airbus,A330-343,A333,Swiss International Air Lines,SWISS,SWR,LX
4075fd,G-TTNH,Airbus Industrie,A320-251N,A20N,British Airways,SPEEDBIRD,BAW,BA
3c64c6,D-AIFF,Airbus,A340 313X,A343,,LUFTHANSA,DLH,
4cac7b,EI-SIL,,,A20N,,,,
c01725,C-FITW,The Boeing Company,777-333ER (Boeing),B77W,,AIR CANADA,ACA,
3c6543,D-AIJC,Airbus Industrie,A320-271N,A20N,Lufthansa,LUFTHANSA,DLH,LH
a254da,N24976,Boeing,787-9,B789,United Airlines,UNITED,UAL,UA
4b1881,HB-JHH,Airbus,A330-343,A333,Swiss International Air Lines Ltd.,SWISS,SWR,LX
4bd032,TC-TAR,Cessna,150M,C150,,,,
484cba,PH-BVF,Boeing,777 306ER,B77W,,KLM,KLM,
c02ec1,C-FRSI,The Boeing Company,787-9 (Boeing),B789,,AIR CANADA,ACA,
484b2a,PH-HSA,Boeing,737NG 8K2/W,B738,,TRANSAVIA,TRA,
020058,CN-ROA,Boeing,737NG 8B6/W,B738,Royal Air Maroc,ROYALAIR MAROC,RAM,AT
71be29,HL7629,Boeing,747 8B5F,B748,,KOREANAIR,KAL,
440cec,OE-IXF,,,B738,,,,
4ca27c,EI-DHO,The Boeing Company,BOEING 737-8AS,B738,,RYANAIR,RYR,
4076cd,G-TTNJ,Airbus Industrie,A320-251N,A20N,British Airways,SPEEDBIRD,BAW,BA
a754b5,N57111,Boeing,757-224,B752,,UNITED,UAL,
781e13,B-32AS,,,A359,,,,
407e21,G-VLDY,,,A339,,,,
789230,B-LXJ,Airbus Industrie,A350-1041,A35K,Cathay Pacific,CATHAY,CPA,CX
aac337,N793AN,Boeing,777-223,B772,,AMERICAN,AAL,
c07b42,C-GURP,,B787-9,B789,Westjet,WESTJET,WJA,WS
484a94,PH-PXD,Eurocopter,EC135 P2+,EC35,Klpd Police Aviation Service,ZXP04,,
a4ce71,N409DX,Airbus,A330-941,A339,Delta Air Lines,DELTA,DAL,DL
400773,G-VIIV,Boeing Company,BOEING 777-236,B772,,SPEEDBIRD,BAW,
48c129,SP-RKK,Boeing,Boeing 737-8AS (W),B738,Ryanair Ltd. - Ireland,RYANAIR,RYR,
342396,EC-JSY,Airbus,A320 214,A320,,VUELING,VLG,
484131,PH-BXB,Boeing,Boeing 737NG 8K2/W,B738,,KLM,KLM,
346047,EC-MXP,,,A320,,,,
c0173e,C-FIUV,The Boeing Company,777-333ER (Boeing),B77W,,AIR CANADA,ACA,
495039,CS-TAY,,,E195,,,,
440452,OE-ICM,,,A320,,,,
440036,OE-ICP,,,A320,,,,
4a1921,YR-FIA,,,A320,,,,
485789,PH-BHO,,Boeing 787-9 Dreamliner,B789,Klm,KLM,KLM,KL
4cabc6,EI-GUP,,,AT76,Federal Express,FEDEX,FDX,FX
896199,A6-EEZ,Airbus,A380 861,A388,,EMIRATES,UAE,
3c70cb,D-ALFK,,,B77L,,,,
461f63,OH-LXB,Airbus,A320 214,A320,,FINNAIR,FIN,
738101,4X-ERB,,,B788,,,,
ac3857,N887FD,Boeing Co,777-FS2,B77L,Federal Express,FEDEX,FDX,FX
3451d5,EC-MKO,Airbus,A320 232SL,A320,,VUELING,VLG,
3d5006,D-FCOC,,,P46T,,,,
347258,EC-NTU,,,A320,,,,
738065,4X-EKC,Boeing,737NG 858/W,B738,,ELAL,ELY,
4c01e5,YU-APF,Airbus,A319 132,A319,,AIR SERBIA,ASL,
781941,B-20EN,,,B77L,,,,
485009,PH-HSI,Boeing,737NG 8K2/W,B738,,TRANSAVIA,TRA,
aa7f5e,N776AN,Boeing,777-223,B772,,AMERICAN,AAL,
440c8c,OE-LBA,Airbus,A321 111,A321,,AUSTRIAN,AUA,
78103a,B-8577,Airbus,A330 343E,A333,,AIR CHINA,CCA,
343499,EC-LEB,Bombardier,Global Express XRS,GLEX,,,,
485123,PH-HSM,Boeing,737NG 8K2/W,B738,,TRANSAVIA,TRA,
ad6ec5,N965AM,Boeing,787-8,B788,Aeroméxico,AEROMEXICO,AMX,AM
451d86,LZ-VAR,Embraer,EMB-190 AR,E190,,FLYING BULGARIA,LZB,
406a95,G-EZWU,Airbus Sas,AIRBUS A320-214,A320,,EASY,EZY,
4851af,PH-BHD,Boeing,787 9,B789,,KLM,KLM,
461fa1,OH-LZL,Airbus,A321 231SL,A321,,FINNAIR,FIN,
407898,G-ZBLA,Boeing Company,Boeing 787-10,B78X,British Airways,SPEEDBIRD,BAW,BA
461f69,OH-LXH,Airbus,A320 214,A320,,FINNAIR,FIN,
0200af,CN-ROZ,Boeing,737NG 8B6/W,B738,Royal Air Maroc,ROYALAIR MAROC,RAM,AT
48506c,PH-TFL,Boeing,787 8,B788,,ARKEFLY,TFL,
a4158a,N362UP,Boeing,767-346,B763,United Parcel Service,UPS,UPS,5X
4402ac,OE-IJY,,,A320,,,,
4cad44,EI-IFA,,,A359,,,,
345353,EC-MOM,Boeing,787 8,B788,,EUROPA,AEA,
45ac50,OY-KBP,Airbus,A319 132,A319,,SCANDINAVIAN,SAS,
392aeb,F-GKXL,Airbus,Airbus A320 214,A320,,AIRFRANS,AFR,
a89d59,N654UA,Boeing,767-322,B763,,UNITED,UAL,
4ca730,EI-DSX,Airbus Industrie,A320-216,A320,,AIR BERLIN,BER,
4b17fb,HB-JCD,C Series Aircraft Limited Partnership,BD-500-1A11 (CS300),BCS3,Swiss International Air Lines,SWISS,SWR,LX
3c6444,D-AIBD,Airbus,A319 112,A319,,LUFTHANSA,DLH,
a8b75a,N66051,Boeing,767-424ER,B764,,UNITED,UAL,
4009d9,G-EUUL,Airbus Sas,AIRBUS A320-232,A320,,SPEEDBIRD,BAW,
02a1a5,TS-INF,Airbus Industrie,,A320,Nouvel Air Tunisie,NOUVELAIR,LBT,BJ
ac0cab,N876AL,Boeing,787-8,B788,,,,
440cfe,OE-LVK,,,A319,,,,
394c18,F-GTAY,Airbus,A321 212,A321,,AIRFRANS,AFR,
3c6586,D-AILF,Airbus,A319 114,A319,,LUFTHANSA,DLH,
4bcdf9,TC-SOY,Boeing,737-8HC,B738,Sunexpress,SUNEXPRESS,SXS,XQ
a4c34c,N406DX,Airbus,A330-941,A339,Delta Air Lines,DELTA,DAL,DL
a07dcd,N13018,Boeing,787-10,B78X,United Airlines,UNITED,UAL,UA
49530c,CS-TXL,,,A21N,,,,
3949e4,F-GSPE,Boeing,777 228ER,B772,,AIRFRANS,AFR,
44d1ba,OO-TMZ,,,B38M,,,,
a17ecd,N196DN,Boeing,767-332,B763,,DELTA,DAL,
abbb2c,N855NW,Airbus,A330-223,A332,,DELTA,DAL,
345204,EC-MKV,Airbus,A319 112,A319,,VUELING,VLG,
400a25,G-EUUP,Airbus Sas,AIRBUS A320-232,A320,,SPEEDBIRD,BAW,
885171,HS-TKQ,Boeing,777 3ALER,B77W,,THAI,THA,
4d22ae,9H-LMH,,,A320,,,,
440175,OE-IJO,,,A320,,,,
3c6571,D-AIKQ,Airbus,A330 343E,A333,,LUFTHANSA,DLH,
4068f0,G-JAGA,Embraer Sa,EMB-505 Phenom 300,E55P,London Executive Aviation,LONEX,LNX,
484445,PH-AOF,Airbus,A330 203,A332,,KLM,KLM,
502cc8,YL-CSC,Bombardier,C Series 300,BCS3,,AIRBALTIC,BTI,
484a91,PH-PXA,Eurocopter,EC135 P2+,EC35,Klpd Police Aviation Service,ZXP01,,
4b15ef,HB-IHZ,Airbus,A320-214,A320,Edelweiss Air,EDELWEISS,EDW,WK
4243c3,VQ-BVB,Boeing,Boeing 747 83QF,B748,,,,
a4ad69,N400J,Gulfstream Aerospace Corp,GVI (G650ER),GLF6,,,,
484c59,PH-HSB,Boeing,737NG 8K2/W,B738,,TRANSAVIA,TRA,
39e681,F-HZUB,,A220-300,BCS3,Air France,AIRFRANS,AFR,AF
341207,EC-GOV,Cessna,Citation V,C560,,,,
471f64,HA-LXC,Airbus,A321 231SL,A321,,WIZZ AIR,WZZ,
3c66ba,D-AIUZ,Airbus,A320 214SL,A320,,LUFTHANSA,DLH,
40690d,G-EZWL,Airbus Sas,AIRBUS A320-214,A320,,EASY,EZY,
3c66e8,D-AIWH,Airbus Industrie,A320-214,A320,Lufthansa,LUFTHANSA,DLH,LH
4b984f,TC-FBO,Airbus,Airbus A320 214,A320,,,,
4d21f0,9H-QAH,Boeing,737-8AS,B738,Malta Air Limited - Malta,,MAY,
3c6641,D-AIRA,Airbus,Airbus A321 131,A321,,LUFTHANSA,DLH,
400f99,G-DBCJ,Airbus Sas,AIRBUS A319-131,A319,,SPEEDBIRD,BAW,
4d223b,9H-QCQ,Boing,737-800,B738,Malta Air,,,
49514a,CS-TJJ,Airbus,A321 251N,A21N,Tap Portugal,AIR PORTUGAL,TAP,TP
346186,EC-NFH,,,A20N,,,,
3c4ad7,D-ABVW,Boeing,747 430,B744,,LUFTHANSA,DLH,
471a81,HA-KAZ,,,AT76,,,,
3c5ee2,D-AGWB,Airbus,A319 132,A319,,GERMAN WINGS,GWI,
40097c,G-EUUA,Airbus Industrie,AIRBUS A320-232,A320,,SPEEDBIRD,BAW,
3c0c99,D-ATUA,Boeing,Boeing 737NG 8K5/W,B738,,,TUI,
396448,F-GZCI,Airbus,A330 203,A332,,AIRFRANS,AFR,
78029e,B-2425,Boeing,747 40BERF,B744,China Cargo Airlines,CARGO KING,CKK,CK
344694,EC-MFK,Airbus,A320 232SL,A320,,VUELING,VLG,
400982,G-EUUG,Airbus Sas,AIRBUS A320-232,A320,,SPEEDBIRD,BAW,
485a83,PH-TFP,,,B38M,,,,
78100b,B-7898,Boeing,787 9,B789,,AIR CHINA,CCA,
345559,EC-MRL,,,GLF5,,,,
407463,G-TTNB,Airbus Industrie,A320-251N,A20N,British Airways,SPEEDBIRD,BAW,BA
49521a,CS-TPZ,,,E190,,,,
3c6675,D-AISU,Airbus,A321 231,A321,,LUFTHANSA,DLH,LH
e06589,LV-FVI,Airbus,A330 202,A332,,ARGENTINA,ARG,
a9b275,N724AN,Boeing,777-323ER,B77W,American Airlines,AMERICAN,AAL,AA
407799,G-XWBC,Airbus Industrie,A350-1041,A35K,British Airways,SPEEDBIRD,BAW,BA
3c6758,D-AIZX,Airbus,Airbus A320 214SL,A320,,LUFTHANSA,DLH,
33fceb,MM62332,,,GLF5,,,,
486442,PH-GHZ,,,C56X,,,,
406947,G-STBG,Boeing Company,BOEING 777-336ER,B77W,,SPEEDBIRD,BAW,
4952c7,CS-TVG,Airbus,320-251N,A20N,Tap Portugal - Portugal,AIR PORTUGAL,TAP,
4073ce,G-VBEL,Boeing,Boeing 787-9,B789,Virgin Atlantic Airways,VIRGIN,VIR,VS
3c70b5,D-ALEU,Boeing,757-23NPCF/W,B752,European Air Transport,EUROTRANS,BCS,QY
48c2a6,SP-RZG,,,B38M,,,,
4d2022,9H-AEL,Airbus,Airbus A319 112,A319,,AIR MALTA,AMC,
48597d,PH-HXN,,,B738,,,,
a875da,N644UA,Boeing,767-322,B763,,UNITED,UAL,
4855d0,PH-EXN,Embraer,ERJ-175STD,E75L,Klm Cityhopper,KLM,KLC,WA
4cad41,EI-SIN,,,A20N,,,,
3c6745,D-AIZE,Airbus,A320 214,A320,,LUFTHANSA,DLH,
461f4d,OH-LWF,Airbus,A350 941,A359,,FINNAIR,FIN,
3c1baf,D-AZMO,Airbus,A300 F4-622RF,A306,European Air Transport,EUROTRANS,BCS,QY
aa70b1,N772CK,Boeing,777F1H,B77L,,,,
34608e,EC-NAY,,,A20N,,,,
4d2247,9H-QDF,Boeing,Boeing 737-8AS (W),B738,Malta Air,,MMO,
345686,EC-MUK,,,A320,,,,
485779,PH-EXS,Embraer S.a.,Embraer ERJ-175STD,E75L,Klm Cityhopper,CITY,KLC,WA
4841ad,PH-BQN,Boeing,777 206ER,B772,,KLM,KLM,
34134d,EC-HUH,Airbus,A321 212,A321,,IBERIA,IBE,
c051e4,C-GFAH,Airbus Industrie,A330-343 (Airbus),A333,,AIR CANADA,ACA,
48418b,PH-BXP,Boeing,737NG 9K2/W,B739,,KLM,KLM,
3c6469,D-AICI,,Airbus A320-212,A320,Condor Flugdienst,CONDOR,CFG,DE
3c66b3,D-AIUS,Airbus,A320 214SL,A320,,LUFTHANSA,DLH,
a49ae3,N396UP,Boeing,767-300,B763,United Parcel Service,UPS,UPS,5X
89620a,A6-EGI,Boeing,777 31HER,B77W,,EMIRATES,UAE,
4ac9e3,SE-ROC,Airbus,A320 251NSL,A20N,,SCANDINAVIAN,SAS,
3c70c1,D-ALFA,Boeing,Boeing 777-FBT,B77L,,LUFTHANSA CARGO,GEC,
3985a9,F-HBNJ,Airbus,A320 214,A320,,AIRFRANS,AFR,
39cea1,F-HTVB,Boeing,737NG 8K2/W,B738,,FRENCH SUN,TVF,
406591,G-STBE,Boeing Company,BOEING 777-36NER,B77W,British Airways,SPEEDBIRD,BAW,BA
738068,4X-EKI,Boeing,737NG 86N/W,B738,,ELAL,ELY,
3c6704,D-AIXD,Airbus,A350 941,A359,,LUFTHANSA,DLH,
44093e,OE-IJW,Airbus,A320-214,A320,Easyjet,EASY,EZY,U2
407371,G-VNYL,,Boeing 787-9,B789,Virgin Atlantic Airways,VIRGIN,VIR,VS
4cc50e,TF-ICE,,737-8,B38M,Icelandair,ICEAIR,ICE,FI
484c24,PH-EZH,Embraer,EMB-190 STD,E190,,CITY,KLC,
3c6583,D-AILC,Airbus,A319 114,A319,,LUFTHANSA,DLH,
a8e132,N671UA,Boeing,767-322,B763,,UNITED,UAL,
0900f0,D2-TEJ,Boeing,777 3M2ER,B77W,,DTA,DTA,
39a205,F-HIQF,,,B738,,,,
48c22b,SP-RSL,,,B738,,,,
4d22c6,9H-LOA,,,A320,,,,
39e693,F-HZUT,,,BCS3,,,,
4d2304,9H-VUF,,,B38M,Ryanair,RYANAIR,RYR,FR
495213,CS-TPS,Embraer,EMB-190 LR,E190,,AIR PORTUGAL,TAP,
47c968,LN-LNO,Boeing Company,B787-9,B789,Norwegian Air Shuttle,NOR SHUTTLE,NAX,DY
47873f,LN-DYM,,,B738,,,,
400960,G-TTOE,Airbus Sas,AIRBUS A320-232,A320,,SPEEDBIRD,BAW,
4ba9c9,TC-JNI,Airbus,A330 343E,A333,,TURKAIR,THY,
461f59,OH-LWR,,A350-941,A359,Finnair,FINNAIR,FIN,AY
34520e,EC-MMG,Airbus,A330 202,A332,,IBERIA,IBE,
a2b8b8,N2747U,Boeing,777-300ER,B77W,United Airlines,UNITED,UAL,UA
02007d,CN-ROR,Boeing,737NG 8B6/W,B738,Royal Air Maroc,ROYALAIR MAROC,RAM,AT
4a08ea,YR-BGJ,Boeing,737NG 800/W,B738,,TAROM,ROT,
469e45,SX-GRE,,,A20N,,,,
abbee3,N856NW,Airbus,A330-223,A332,,DELTA,DAL,
4d242b,9H-WAW,,,A21N,,,,
3423c4,EC-JRE,Airbus,A321 212,A321,,IBERIA,IBE,
406a3e,G-EUYU,Airbus Sas,AIRBUS A320-232,A320,,SPEEDBIRD,BAW,
484416,PH-BQM,Boeing,777 206ER,B772,,KLM,KLM,
461f9d,OH-LZH,Airbus,A321 231SL,A321,,FINNAIR,FIN,
3c65c1,D-AINA,Airbus,A320 271NSL,A20N,,LUFTHANSA,DLH,
3c6589,D-AILI,Airbus,A319 114,A319,,LUFTHANSA,DLH,
4b1883,HB-JHJ,Airbus,A330-343,A333,Swiss International Air Lines,SWISS,SWR,LX
780c5b,B-2091,Boeing,Boeing 777-FFT,B77L,,,,
a641b6,N502DN,Airbus Sas,A350-941,A359,,DELTA,DAL,
a9bd9a,N727AN,Boeing,777-323ER,B77W,,AMERICAN,AAL,
4951ee,CS-TON,Airbus,A330 202,A332,,AIR PORTUGAL,TAP,
3c648b,D-AIDK,Airbus,A321 231,A321,,LUFTHANSA,DLH,
4bcda2,TC-SMB,,737-8 MAX,B38M,Sunexpress,SUNEXPRESS,SXS,XQ
39cf11,F-HTYR,,,A359,,,,
76cef1,9V-SWQ,Boeing,777 312ER,B77W,,SINGAPORE,SIA,SQ
486201,PH-DTF,Dassault,Falcon 900,F900,Exxaero,,,
485ecd,PH-BVV,Boeing,777-300(ER),B77W,Klm,KLM,KLM,KL
4ca61c,EI-DWO,The Boeing Company,BOEING 737-8AS,B738,,RYANAIR,RYR,
484b32,PH-EZE,Embraer,EMB-190 STD,E190,,CITY,KLC,
4bcde9,TC-SOI,,,B38M,,,,
495149,CS-TJI,,,A21N,,,,
780504,B-2001,Boeing,777 39PER,B77W,,CHINA EASTERN,CES,
48ad02,SP-LIC,Embraer,EMB-175 SD,E75S,,POLLOT,LOT,
4b1617,HB-IJN,Airbus,A320-214,A320,Swiss International Air Lines,SWISS,SWR,LX
4ca707,EI-EBK,The Boeing Company,BOEING 737-8AS,B738,,RYANAIR,RYR,
4d2212,9H-QCB,Boeing,Boeing 737-8AS (W),B738,Malta Air,,MAY,
345318,EC-MOU,Airbus,A330 202,A332,,IBERIA,IBE,
88516e,HS-TKN,Boeing,777 3ALER,B77W,,THAI,THA,
345698,EC-MVC,Bombardier,CRJ-1000,CRJX,Air Nostrum,AIR NOSTRUM,ANE,YW
3c6561,D-AIKA,Airbus,A330 343X,A333,,LUFTHANSA,DLH,
48628c,PH-EBM,,,PC24,,,,
345251,EC-MLT,Boeing,787-8,B788,Air Europa,EUROPA,AEA,UX
a8cffd,N667UA,Boeing,767-322,B763,,UNITED,UAL,
4ca4f4,EI-DPP,The Boeing Company,BOEING 737-8AS,B738,,RYANAIR,RYR,
71c041,HL8041,Boeing,Boeing 777-3B5(ER),B77W,Korean Air,KOREANAIR,KAL,KE
44cdc2,OO-SNB,Airbus,A320 214,A320,Brussels Airlines,BEE-LINE,BEL,SN
89408e,A9C-FD,,787-9 Dreamliner,B789,Gulf Air,GULF AIR,GFA,
3c4ec7,D-ACVG,Airbus,A330-343(P2F),A333,European Air Transport,EUROTRANS,BCS,QY
4d204a,9H-GMT,Dassault,Dassault Falcon 900LX,F900,,,,
344195,EC-LOJ,Bombardier,CRJ 1000 NG,CRJX,,AIR NOSTRUM,ANE,
405ee0,G-EUYC,Airbus Sas,AIRBUS A320-232,A320,,SPEEDBIRD,BAW,
a2587f,N250LG,Dassault Aviation,FALCON 7X,FA7X,,,,
4d222b,9H-QEO,,,B738,,,,
405bfe,G-YMMU,Boeing Company,BOEING 777-236,B772,,SPEEDBIRD,BAW,
3c6595,D-AILU,Airbus,A319 114,A319,,LUFTHANSA,DLH,
3c65da,D-AINZ,Airbus Industrie,A320-271N,A20N,Lufthansa,LUFTHANSA,DLH,LH
4ca256,EI-DHA,The Boeing Company,BOEING 737-8AS,B738,,RYANAIR,RYR,
4bccb0,TC-SEP,Boeing,737NG 8HC/W,B738,,SUNEXPRESS,SXS,
06a0e6,A7-AMG,Airbus,A350-941,A359,Qatar Airways,QATARI,QTR,QR
406ec9,G-XLEK,Airbus Sas,AIRBUS A380-841,A388,,SPEEDBIRD,BAW,
406531,G-EUYL,Airbus Sas,AIRBUS A320-232,A320,,SPEEDBIRD,BAW,
4863db,PH-NXC,Embraer,E195-E2,E295,Klm Cityhopper,KLM,KLC,WA
344459,EC-LVR,Boeing,737NG 85P/W,B738,,EUROPA,AEA,
4bc84f,TC-RBO,,,A21N,,,,
34258f,EC-KDX,Airbus,A320 216,A320,,VUELING,VLG,
3949f0,F-GSPQ,Boeing,777 228ER,B772,,AIRFRANS,AFR,
40666b,G-EZUR,Airbus Sas,AIRBUS A320-214,A320,,EASY,EZY,
484c1b,PH-EZG,Embraer,EMB-190 STD,E190,,CITY,KLC,
48d635,SP-ZSZ,Bombardier,Challenger 300,CL30,,,,
a1f90e,N226UA,Boeing,777-222,B772,,UNITED,UAL,
347219,EC-NTA,,,A20N,,,,
44ccc7,OO-SFG,Airbus Industrie,A330-343,A333,Brussels Airlines,BEE-LINE,BEL,SN
347387,EC-NXD,,A350-941,A359,Iberia Airlines,IBERIA,IBE,IB
406e69,G-EZOX,Airbus Sas,AIRBUS A320-214,A320,,EASY,EZY,
40097f,G-EUUD,Airbus Sas,AIRBUS A320-232,A320,,SPEEDBIRD,BAW,
484162,PH-BXI,Boeing,737NG 8K2/W,B738,,KLM,KLM,
4d2329,9H-EVA,,DHC-8-402Q Dash 8,DH8D,Luxwing,,LWG,
342104,EC-JFH,Airbus,A320 214,A320,,,IBS,
4caa57,EI-EVR,The Boeing Company,BOEING 737-8AS,B738,,RYANAIR,RYR,
4951d4,CS-TNT,Airbus,A320 214SL,A320,,AIR PORTUGAL,TAP,
440607,OE-LZB,Airbus Industrie,A320-214,A320,Austrian Airlines,AUSTRIAN,AUA,OS
781001,B-7835,Boeing,787 9,B789,,HAINAN,CHH,
4ca84d,EI-EME,The Boeing Company,BOEING 737-8AS,B738,,RYANAIR,RYR,
4cad2b,EI-HEW,,,B38M,,,,
502d28,YL-AAX,,A220-300,BCS3,Air Baltic,AIRBALTIC,BTI,BT
4ca2d5,EI-DLI,The Boeing Company,BOEING 737-8AS,B738,Ryanair,RYANAIR,RYR,FR
c058c3,C-GHPY,The Boeing Company,787-8 (Boeing),B788,,AIR CANADA,ACA,
46b82c,SX-NAL,,,A21N,,,,
4009d8,G-EUUK,Airbus Sas,AIRBUS A320-232,A320,,SPEEDBIRD,BAW,
495308,CS-TXH,,A321-251NX(LR),A21N,Tap Portugal,AIR PORTUGAL,TAP,TP
a8ac35,N658UA,Boeing,767-322,B763,,UNITED,UAL,
392af0,F-GKXQ,Airbus,A320 214,A320,,AIRFRANS,AFR,
485a32,PH-BCG,Boeing Company,737-8K2,B738,Klm,KLM,KLM,KL
407ac1,G-TUMO,,,B38M,,,,
aaa4dc,N785UA,Boeing,777-222,B772,,UNITED,UAL,
e48ba9,PT-MUG,Boeing,777 32WER,B77W,,TAM,TAM,
3c5426,D-AEAF,Airbus,A300 B4-622RF,A306,European Air Transport,EUROTRANS,BCS,QY
010243,SU-GFS,Airbus Industrie,A321-251NX,A21N,Egyptair,EGYPTAIR,MSR,MS
44ce79,OO-SSY,Airbus Industries,A319 112,A319,Brussels Airlines,BEE-LINE,BEL,SN
345102,EC-MIQ,Airbus,A319 112,A319,,VUELING,VLG,
461f9a,OH-LZE,Airbus,A321 211,A321,,FINNAIR,FIN,
3cdc92,D-CKVI,,,E55P,,,,
3453cc,EC-MQP,Boeing,737NG 800/W,B738,Air Europa,EUROPA,AEA,UX
4cac7a,EI-SIK,,,A20N,,,,
40087a,G-EUPK,Airbus Industrie,AIRBUS A319-131,A319,,SPEEDBIRD,BAW,
4d227b,9H-QDV,,,B738,,,,
4d2392,9H-MLB,,,A320,,,,
4077e0,G-NEOW,Airbus,A321-251NX,A21N,British Airways,SPEEDBIRD,BAW,BA
4d2402,9H-WAD,,,A21N,,,,
3c66b6,D-AIUV,Airbus,A320 214SL,A320,,LUFTHANSA,DLH,
a4fc9a,N420LA,Boeing,767-316F,B763,,MAS CARGA,MAA,
3b7542,F-UJCU,,,A332,,,,
4caaa8,EI-IMW,Airbus Industrie,A319-111,A319,,ALITALIA,AZA,
c01755,C-FIVS,The Boeing Company,777-333ER (Boeing),B77W,,AIR CANADA,ACA,
495146,CS-TJF,Airbus,A321 211,A321,,AIR PORTUGAL,TAP,
40771a,G-VDOT,,A350-1041,A35K,Virgin Atlantic Airways,VIRGIN,VIR,VS
461fa9,OH-LZT,,,A321,,,,
3c7438,D-AMAX,,,B38M,,,,
3443d3,EC-LVO,Airbus,A320 214SL,A320,,VUELING,VLG,
3c6751,D-AIZQ,Airbus,A320 214SL,A320,,EUROWINGS,EWG,
c06a82,C-GOIR,,,A21N,,,,
39e683,F-HZUD,,Airbus A220-300,BCS3,Air France,AIRFRANS,AFR,AF
4ca704,EI-EBG,The Boeing Company,BOEING 737-8AS,B738,,RYANAIR,RYR,
3c66a3,D-AIUC,Airbus,A320 214SL,A320,,LUFTHANSA,DLH,
4ca9d3,EI-EVK,The Boeing Company,BOEING 737-8AS,B738,,RYANAIR,RYR,
40095d,G-TTOB,Airbus Industrie,AIRBUS A320-232,A320,,SPEEDBIRD,BAW,
3442c2,EC-LRH,Avions De Transport Regional,ATR 72 600,AT76,,AIR NOSTRUM,ANE,
39d301,F-HUYB,,,B738,,,,
3c64ee,D-AIGN,Airbus,A340 313X,A343,,LUFTHANSA,DLH,
a0a545,N14011,Boeing,787-10,B78X,United Airlines,UNITED,UAL,UA
76cdb4,9V-SMT,Airbus,A350 941,A359,,SINGAPORE,SIA,
495216,CS-TPV,Embraer,EMB-190 LR,E190,,AIR PORTUGAL,TAP,
4bb28e,TC-LTN,,,A21N,,,,
406bbb,G-EUYY,Airbus Sas,AIRBUS A320-232,A320,,SPEEDBIRD,BAW,
ab10cb,N812AA,Boeing,787-8,B788,American Airlines,AMERICAN,AAL,AA
3c4ad9,D-ABVY,Boeing,747 430,B744,,LUFTHANSA,DLH,
4ca2ad,EI-DHZ,The Boeing Company,BOEING 737-8AS,B738,,RYANAIR,RYR,
a6ff6a,N550,Gulfstream Aerospace,GV-SP (G550),GLF5,,,,
3c65d9,D-AINY,Airbus Industrie,A320-271N,A20N,Lufthansa,LUFTHANSA,DLH,LH
344481,EC-LXQ,Airbus,A320 216SL,A320,,IBERIA,IBE,
40600e,G-EZTD,Airbus Sas,AIRBUS A320-214,A320,,EASY,EZY,
407992,G-STBM,,,B77W,British Airways,SPEEDBIRD,BAW,BA
ac10d8,N877FD,Boeing,777F,B77L,Federal Express,FEDEX,FDX,FX
342188,EC-JFN,Airbus,A320 214,A320,,IBERIA,IBE,
406d7a,G-ZBKD,Boeing Company,BOEING 787-9 Dreamliner,B789,,SPEEDBIRD,BAW,
4d2421,9H-WAL,,,A21N,,,,
347288,EC-NTP,,,A20N,,,,
4077d3,G-VTEA,,A350-1041,A35K,Virgin Atlantic Airways,VIRGIN,VIR,VS
494106,CS-PHF,Embraer,Phenom 300,E55P,,,,
4ca6a6,EI-DYR,The Boeing Company,BOEING 737-8AS,B738,Ryanair,RYANAIR,RYR,FR
4074e4,G-ZBJM,Boeing,Boeing 787-8,B788,British Airways,SPEEDBIRD,BAW,BA
39cf0e,F-HTYO,,,A359,,,,
4952c9,CS-TVI,,Airbus A320-251N,A20N,Tap Portugal,AIR PORTUGAL,TAP,TP
3c6481,D-AIDA,Airbus,A321 231,A321,,LUFTHANSA,DLH,
a01f37,N107FE,Boeing,767-3S2F,B763,Federal Express,FEDEX,FDX,FX
aaa32d,N785AV,Boeing,787-8,B788,, S.A.,AVA,
4d207b,9H-CFC,,,SIRA,,,,
4d244d,9H-GKJ,,,A320,,,,
4caab4,EI-IMX,Airbus Industrie,A319-111,A319,,ALITALIA,AZA,
71c250,HL8250,Boeing,Boeing 777-3B5(ER),B77W,Korean Air,KOREANAIR,KAL,KE
a8ec57,N674UA,Boeing,767-322,B763,,UNITED,UAL,
71002a,HZ-ARA,Boeing,787 9,B789,,SAUDIA,SVA,
4bb062,TC-LCB,,,B38M,,,,
3c09f2,D-ASTX,Airbus,A319 112,A319,,EUROWINGS,EWG,
4852f6,PH-EXI,Embraer,EMB-175 200STD,E75L,Klm Cityhopper,KLM,KLC,WA
c051e6,C-GFAJ,Airbus Industrie,A330-343 (Airbus),A333,,AIR CANADA,ACA,
48418d,PH-BXS,Boeing,737NG 9K2/W,B739,,KLM,KLM,
48455f,PH-BVB,Boeing,777 306ER,B77W,,KLM,KLM,
346310,EC-NFM,Boeing,787-9 Dreamliner,B789,Air Europa,EUROPA,AEA,UX
04c11c,5Y-KZF,Boeing,787 8,B788,Kenya Airways,KENYA,KQA,KQ
4b028b,HB-AZB,Embraer,E190-E2,E290,Helvetic Airways,HELVETIC,OAW,2L
485874,PH-EXX,Embraer,Embraer ERJ-175,E75L,Klm Cityhopper,KLM,KLC,WA
347343,EC-NVR,,A350-941,A359,,,,
3c6649,D-AIRI,Boeing,Boeing 737NG 86J/W,B738,,MERAIR,ISS,
a4c2ad,N4058J,Airbus,A321-271NX,A21N,Jetblue Airways,JETBLUE,JBU,B6
ab5867,N830AN,Boeing,787-9,B789,,AMERICAN,AAL,
3c4b2e,D-ABYN,Boeing,747 830,B748,,LUFTHANSA,DLH,
873334,JA933A,,,B789,Air Japan,AIR JAPAN,AJX,NQ
39856e,F-HBLO,Embraer,ERJ-190STD (190-100),E190,Air France - France,AIRFRANS,AFR,
ab120b,N812NW,Airbus,A330-323,A333,,DELTA,DAL,
4a4d79,YR-SKY,,A320-214,A320,Hisky,,HYS,4H
3c7a49,D-ANRI,,,A339,,,,
485e2f,PH-BKI,,,B78X,,,,
3949e0,F-GSPA,Boeing,777 228ER,B772,,AIRFRANS,AFR,
3949ed,F-GSPN,Boeing,777 228ER,B772,Air France,AIRFRANS,AFR,AF
3c0aca,D-ATCF,,,A321,,,,
48414c,PH-HZG,Boeing,737NG 8K2/W,B738,,TRANSAVIA,TRA,
c0103e,C-FGDX,The Boeing Company,787-9 (Boeing),B789,,AIR CANADA,ACA,
4bb068,TC-LCH,,737-8 MAX,B38M,Turkish Airlines,TURKISH,THY,TK
4008b1,G-EUPP,Airbus Industrie,AIRBUS A319-131,A319,,SPEEDBIRD,BAW,
392aed,F-GKXN,Airbus,A320 214,A320,,AIRFRANS,AFR,
486494,PH-NXK,,,E295,,,,
801406,VT-TSH,,,B789,,,,
39cf07,F-HTYH,Airbus Industrie,A350-941,A359,Air France,AIRFRANS,AFR,AF
40749a,G-ZBKS,Boeing,787-9 Dreamliner,B789,British Airways,SPEEDBIRD,BAW,BA
4a08ec,YR-BGL,Boeing,737-800,B738,Tarom,TAROM,ROT,RO
aaa326,N785AN,Boeing,777-223,B772,,AMERICAN,AAL,
4cad49,EI-IFF,,,A359,,,,
896481,A6-EUW,Airbus,A380 842,A388,,EMIRATES,UAE,
04008b,ET-ARI,Boeing,777 F60,B77L,Ethiopian Airlines,ETHIOPIAN,ETH,ET
8005f1,VT-ANH,Boeing,787 8,B788,,AIRINDIA,AIC,
346182,EC-NBG,,,AT76,,,,
34250a,EC-JZM,Airbus,A321 212,A321,,IBERIA,IBE,
76cd79,9V-SKY,,A380-841 ,A388,Singapore Airlines,SINGAPORE,SIA,SQ
4cc2a3,TF-FIN,Boeing,757 208/W,B752,,ICEAIR,ICE,
3c64f3,D-AIGS,Airbus,A340 313X,A343,,LUFTHANSA,DLH,
406d92,G-EZOM,Airbus Sas,AIRBUS A320-214,A320,,EASY,EZY,
3c65d6,D-AINV,Airbus Industrie,,A20N,Lufthansa,LH2471,DLH,LH
34324e,EC-KUB,Airbus,A319 111,A319,,IBERIA,IBE,
46b822,SX-NAB,,,A21N,,,,
738073,4X-ECC,Boeing,777 258ER,B772,,ELAL,ELY,
a9178d,N685UA,Boeing,767-3CB,B763,United Airlines,UNITED,UAL,UA
a560f3,N446AM,Boeing,787-9,B789,Aeroméxico,AEROMEXICO,AMX,AM
c085d5,C-GYRS,Piper Aircraft Corporation,B787-9,B789,Westjet,WESTJET,WJA,WS
3c66ea,D-AIWJ,Airbus Industrie,A320-214,A320,Lufthansa,LUFTHANSA,DLH,LH
4b1619,HB-IJP,Airbus,A320-214,A320,Swiss International Air Lines,SWISS,SWR,LX
3c4582,D-AALB,Boeing,Boeing 777-FZN,B77L,Aerologic,BOX,BOX,3S
34660b,EC-NTI,,,A20N,,,,
3c48f0,D-ABGP,Airbus,A319 112,A319,,EUROWINGS,EWG,
407798,G-XWBB,Airbus,350-1041,A35K,British Airways,SANTA,XMS,
494103,CS-PHC,Embraer,Phenom 300,E55P,,,,
34648a,EC-NMK,,,B734,,,,
781343,B-1080,,A350-941,A359,Air China,AIR CHINA,CCA,CA
3949e6,F-GSPG,Boeing,777 228ER,B772,,AIRFRANS,AFR,
873312,JA932A,,,B789,Air Japan,AIR JAPAN,AJX,NQ
394a01,F-GSQB,Boeing,777 328ER,B77W,,AIRFRANS,AFR,
502cd0,YL-CSG,Bombardier,Bombardier C Series 300,BCS3,,AIRBALTIC,BTI,
3c542c,D-AEAL,Airbus,A300 B4-622RF,A306,European Air Transport,EUROTRANS,BCS,QY
440c8d,OE-LBB,Airbus,A321 111,A321,,AUSTRIAN,AUA,
440c36,OE-LKX,,,A319,,,,
3c6741,D-AIZA,Airbus,A320 214,A320,,LUFTHANSA,DLH,
780d9d,B-2021,Boeing,Boeing 777-39P(ER),B77W,,CHINA EASTERN,CES,
40621d,G-STBC,Boeing Company,BOEING 777-36NER,B77W,British Airways,SPEEDBIRD,BAW,BA
4952b0,CS-TUP,,A330-941,A339,Tap Portugal,AIR PORTUGAL,TAP,TP
3c6d43,D-AKJC,,,E190,,,,
aaa6e4,N786AV,Boeing,787-8,B788,Avianca - Aerovías Del Continente Americano S.a.,AVIANCA,AVA,AV
4d21ec,9H-QAD,,,B738,,,,
440c1b,OE-IXE,,,B738,,,,
406c43,G-LCYU,Embraer Sa,ERJ 190-100 SR Embraer 190,E190,,FLYER,CFE,
4ca63a,EI-DVG,Airbus Industrie,A320-214,A320,,SHAMROCK,EIN,
4ca836,EI-GAL,Airbus Industrie,A320-214,A320,,SHAMROCK,EIN,
346090,EC-NBA,,,A20N,,,,
c023bd,C-FNNW,The Boeing Company,777-333ER (Boeing),B77W,,AIR CANADA,ACA,
4071d9,G-EZPX,Airbus Sas,AIRBUS A320-214,A320,,EASY,EZY,
4d234e,9H-VUO,Boeing,737 MAX 8,B38M,Ryanair,RYANAIR,RYR,FR
406f79,G-ZBKM,Boeing Company,BOEING 787-9 Dreamliner,B789,,SPEEDBIRD,BAW,
aab001,N788UA,Boeing,777-222,B772,,UNITED,UAL,
39c429,F-HRBJ,Boeing,Boeing 787-9,B789,Air France,AIRFRANS,AFR,AF
4bb322,TC-LYB,,,B39M,,,,
4063de,G-EUYJ,Airbus Sas,AIRBUS A320-232,A320,,SPEEDBIRD,BAW,
3472c3,EC-NUO,,,A320,,,,
3c65c9,D-AINI,Airbus,Airbus A320 271NSL,A20N,,LUFTHANSA,DLH,LH
4bcdec,TC-SOL,Boeing,737 MAX 8,B38M,Sunexpress,SUNEXPRESS,SXS,XQ
4b0290,HB-AZG,Embraer,E190-E2,E290,Helvetic Airways,HELVETIC,OAW,2L
4b19fd,HB-JVX,Embraer,ERJ-190STD (190-100),E190,Helvetic Airways,HELVETIC,OAW,2L
34718d,EC-NRG,,,A332,,,,
39666f,F-GZTP,Boeing,737NG 71B/W,B737,,,,
485344,PH-BHL,Boeing,B787-9,B789,,KLM,KLM,
3c4a8c,D-ABTL,Boeing,747 430,B744,,LUFTHANSA,DLH,
39cead,F-HTVN,,,B738,,,,
4cada6,EI-INA,Airbus Industrie,A320-271N	,A20N,Ita Airways,ITY,,
400dae,G-EZAJ,Airbus Sas,AIRBUS A319-111,A319,,EASY,EZY,
3c675a,D-AIZZ,Airbus,Airbus A320 214SL,A320,,LUFTHANSA,DLH,
4d241e,9H-WAI,,,A21N,,,,
39a201,F-HIQB,,737-8AS (BCF)(W),B738, Asl Airlines France,FRENCH POST,FPO,5O
a05434,N120FE,Boeing,767-3S2F,B763,,,,
4ba946,TC-JJF,Boeing,Boeing 777-3F2(ER),B77W,,TURKAIR,THY,
44028c,OE-INI,,,A320,,,,
06e010,9XR-WP,Airbus,A330 343E,A333,,RWANDAIR,RWD,
34754c,,,,,,,,
06a2b1,A7-BEM,,,B77W,,,,
06a121,A7-ANE,,A350-1041,A35K,Qatar Airways,QATARI,QTR,QR
495297,CS-TTW,Embraer,EMB-195 AR,E195,Tap Portugal,AIR PORTUGAL,TAP,TP
4b17de,HB-JBA,Bombardier Inc.,BD-500-1A10 (CS100),BCS1,Swiss International Air Lines,SWISS,SWR,LX
c058c2,C-GHPX,The Boeing Company,787-8 (Boeing),B788,,AIR CANADA,ACA,
451d85,LZ-SOF,Embraer,EMB-190 AR,E190,,FLYING BULGARIA,LZB,
440666,OE-LBJ,Airbus,A320 214,A320,,AUSTRIAN,AUA,
486491,PH-NXH,,,E295,,,,
39b221,F-HMRB,,,B77L,,,,
ab8862,N842MH,Boeing,767-432ER,B764,,DELTA,DAL,
392af2,F-GKXS,Airbus,A320 214,A320,,AIRFRANS,AFR,
aa9f6f,N784AN,Boeing,777-223,B772,American Airlines,AMERICAN,AAL,AA
485a34,PH-BCK,Boeing,737-8K2,B738,Klm,KLM,KLM,KL
394a07,F-GSQH,Boeing,B777- 328(ER),B77W,,AIRFRANS,AFR,
48ad86,SP-MLG,,,E190,,,,
aace63,N796AV,Boeing,787-8,B788,,,,
4857b3,PH-TTR,,Airbus Helicopters H135,EC35,,,,
4079d3,G-LCAH,,,E190,,,,
3c65cd,D-AINM,Airbus Industrie,A-320neo,A20N,Lufthansa,LUFTHANSA,DLH,LH
4009c5,G-EUUH,Airbus Sas,AIRBUS A320-232,A320,,SPEEDBIRD,BAW,
440625,OE-LKM,A319-111,,A319,Easyjet Europe,,EJU,
ab0e54,N811NW,Airbus,A330-323,A333,,DELTA,DAL,
ab20e7,N816NW,Airbus,A330-323,A333,,DELTA,DAL,
3472c9,EC-NUD,,,A21N,,,,
440bc3,OE-LNF,,,B752,,,,
4066ab,G-VRAY,Airbus Sas,AIRBUS A330-343,A333,,VIRGIN,VIR,
040062,ET-APU,Boeing,777 F6N,B77L,Ethiopian Airlines,ETHIOPIAN,ETH,ET
495148,CS-TJH,Airbus,A321 212,A321,,AIR PORTUGAL,TAP,
502d46,YL-ABE,,A220-300,BCS3,Air Baltic,AIRBALTIC,BTI,BT
407699,G-VPRD,,Airbus A350-1041,A35K,Virgin Atlantic Airways,VIRGIN,VIR,VS
4b1a1e,HB-JXE,Airbus,A320-214,A320,Easyjet Switzerland Sa,,,
010204,SU-GFJ,,,A20N,,,,
3991e4,F-HEPE,Airbus,A320 214,A320,,AIRFRANS,AFR,
4caca1,EI-HAB,,,AT76,,,,
495037,CS-TAW,,,E195,,,,
345314,EC-MOO,Airbus,A321 231SL,A321,,VUELING,VLG,
78129e,B-1345,,,B789,,,,
aa944a,N781AN,Boeing,777-223,B772,,AMERICAN,AAL,
4cafd7,EI-GED,,,CRJ9,,,,
346391,EC-NFA,,,E295,,,,
0a0018,7T-VJJ,Boeing,737NG 8D6/W,B738,,AIR ALGERIE,DAH,
4005bf,G-VIIG,Boeing Company,BOEING 777-236,B772,,SPEEDBIRD,BAW,
3e4864,D-ISPO,,,P180,,,,
4ca9ba,EI-LRA,,Airbus A321-253NX/LR,A21N,Aer Lingus,SHAMROCK,EIN,EI
452112,LZ-CXC,,,B738,,,,
3965a5,F-GZNF,Boeing,Boeing 777-328(ER),B77W,Air France,AIRFRANS,AFR,AF
406c3a,G-VYUM,Boeing Company,BOEING 787-9 Dreamliner,B789,,VIRGIN,VIR,
3c6655,D-AIRU,Airbus,Airbus A321 131,A321,,LUFTHANSA,DLH,
3c64f6,D-AIGV,Airbus,A340 313X,A343,,LUFTHANSA,DLH,
010153,SU-GDP,Boeing,Boeing 777-36N(ER),B77W,,EGYPTAIR,MSR,
44cdce,OO-SNN,Airbus Industrie,A320 214,A320,Brussels Airlines,BEE-LINE,BEL,SN
495275,CS-TSU,,,B763,,,,
440bc9,OE-LNO,,,B752,,,,
48630e,PH-DWC,,,E135,,,,
3c15c1,D-AXGE,Airbus,A330 202,A332,,EUROWINGS,EWG,
49d423,OK-SWM,The Boeing Company,Boeing 737 MAX 8,B38M,Travel Service,SKYTRAVEL,TVS,QS
4b3974,HB-VTS,Hawker Beechcraft Corporation,390,PRM1,Lions Air Skymedia Ag,,,
4d2480,9H-VCU,,,CL35,,,,
406a93,G-EZWS,Airbus Sas,AIRBUS A320-214,A320,,EASY,EZY,
4a09b2,YR-BMR,Boeing,737-7K2,B737,Blue Air,BLUE TRANSPORT,JOR,0B
abf6d7,N870FD,Boeing,777F,B77L,Federal Express,FEDEX,FDX,FX
440050,OE-LBR,Airbus,A320 214,A320,,AUSTRIAN,AUA,
342211,EC-JDR,Airbus,A321 213,A321,,IBERIA,IBE,
4787b3,LN-NGD,Boeing,737NG 8JP/W,B738,,NOR SHUTTLE,NAX,
4b1813,HB-JDB,,,A20N,,,,
4952ad,CS-TUM,,A330-941 ,A339,Tap Portugal,AIR PORTUGAL,TAP,TP
78161c,B-209D,,Boeing 787-9,B789,China Southern Airlines,CHINA SOUTHERN,CSN,CZ
02008b,CN-ROS,Boeing,737NG 8B6/W,B738,,ROYALAIR MAROC,RAM,
4073a1,G-UZHD,Airbus,A320 251NSL,A20N,,EASY,EZY,
461e1f,OH-LKP,Embraer,EMB-190 LR,E190,,FINNAIR,FIN,
502ce8,YL-CSN,,A220-300 ,BCS3,Air Baltic,AIRBALTIC,BTI,BT
8964bc,A6-BLL,The Boeing Co.,Boeing 787-9 Dreamliner,B789,Etihad Airways,ETIHAD,ETD,EY
3c6759,D-AIZY,Airbus,A320 214SL,A320,,LUFTHANSA,DLH,
3c6674,D-AIST,Airbus,A321 231,A321,,LUFTHANSA,DLH,
aaa893,N786UA,Boeing,777-222,B772,,UNITED,UAL,
3c64a2,D-AIEB,Airbus Industrie,A321-271NX,A21N,Lufthansa,LUFTHANSA,DLH,LH
502d24,YL-AAV,,Airbus A220-300,BCS3,Air Baltic,AIRBALTIC,BTI,BT
4b193a,HB-JOK,,,A320,,,,
502ccd,YL-CSD,Bombardier,C Series 300,BCS3,,AIRBALTIC,BTI,
495304,CS-TXD,,A321-251NX/LR,A21N,Tap Portugal,AIR PORTUGAL,TAP,TP
343694,EC-LKF,Bombardier,CRJ 1000 NG,CRJX,,AIR NOSTRUM,ANE,
4ca73b,EI-EBS,The Boeing Company,BOEING 737-8AS,B738,,RYANAIR,RYR,
407d74,G-TTNT,,,A20N,,,,
040087,ET-ARE,Boeing,Boeing 787-8,B788,Ethiopian Airlines,ETHIOPIAN,ETH,ET
342591,EC-KHN,Airbus,A320 216,A320,,VUELING,VLG,
3c5ee9,D-AGWI,Airbus,A319 132,A319,,GERMAN WINGS,GWI,
406091,G-EUYE,Airbus Sas,AIRBUS A320-232,A320,,SPEEDBIRD,BAW,
738069,4X-EKO,Boeing,737NG 86Q/W,B738,,ELAL,ELY,
3c4b2d,D-ABYM,Boeing,747 830,B748,,LUFTHANSA,DLH,
4d010d,LX-YCV,Boeing,Boeing 747-4R7F,B744,,,,
44001f,OE-ICN,,,A320,,,,
394a04,F-GSQE,Boeing,777 328ER,B77W,,AIRFRANS,AFR,
02a181,TS-IMB,,,A320,,,,
3c5422,D-AEAB,Airbus,A300 B4-622RF,A306,European Air Transport,EUROTRANS,BCS,QY
440c83,OE-LSM,,,A20N,,,,
3c6744,D-AIZD,Airbus,A320 214,A320,,LUFTHANSA,DLH,
4b1917,HB-JNB,Boeing,777-3DEER,B77W,Swiss International Air Lines,SWISS,SWR,LX
485778,PH-EXR,Embraer,ERJ-175STD,E75L,Klm Cityhopper,KLM,KLC,WA
8963df,A6-EPP,Boeing,777 31HER,B77W,,EMIRATES,UAE,
345615,EC-MTO,Mitsubishi,CRJ-1000,CRJX,Air Nostrum,AIR NOSTRUM,ANE,YW
5001e5,T7-ME5,,,A21N,,,,
3949ef,F-GSPP,Boeing,777 228ER,B772,Air France,AIRFRANS,AFR,AF
738054,4X-EHE,Boeing,737NG 958ER/W,B739,,ELAL,ELY,
34520f,EC-MNL,Airbus,A330 202,A332,,IBERIA,IBE,
4b1806,HB-JCO,C Series Aircraft Limited Partnership,BD-500-1A11 (CS300),BCS3,Swiss International Air Lines Ltd.,SWISS,SWR,LX
346692,EC-NLY,,,A321,Vueling Airlines,VUELING,VLG,VY
440418,OE-LYW,Airbus Industrie,A319-132,A319,Eurowings Europe,,EWE,E2
346648,EC-NPC,,,A320,,,,
4ca811,EI-EKR,The Boeing Company,BOEING 737-8AS,B738,,RYANAIR,RYR,
4d2233,9H-QBY,The Boeing Company,BOEING 737-8AS,B738,Ryanair Ltd. - Ireland,RYANAIR,RYR,
484443,PH-AOD,Airbus,A330 203,A332,,KLM,KLM,
06a0c0,A7-BDB,Boeing,787 8,B788,Qatar Airways,QATARI,QTR,QR
4acaa4,SE-RUD,,,A20N,Scandinavian Airlines,SCANDINAVIAN,SAS,SK
a4c5d8,N4064J,Airbus,A321-271NX,A21N,Jetblue Airways,JETBLUE,JBU,B6
4bb261,TC-LSA,Airbus,A-321neo,A21N,Turkish Airlines,TURKISH,THY,TK
4ca700,EI-EBC,The Boeing Company,BOEING 737-8AS,B738,,RYANAIR,RYR,
44056b,OE-LKD,,,A319,Easyjet,EASY,EZY,U2
440059,OE-LGB,Bombardier,DHC-8 402,DH8D,,AUSTRIAN,AUA,
39e68c,F-HZUM,,,BCS3,,,,
4cafce,EI-SII,Airbus Sas,320-251N,A20N,Scandinavian Airlines,SCANDINAVIAN,SAS,SK
3c6667,D-AISG,Airbus,A321 231,A321,,LUFTHANSA,DLH,
4cac66,EI-AZE,,,B738,,,,
500208,T7-AIRX,,,BE20,,,,
aa92fa,N78003,Boeing,777-224,B772,,UNITED,UAL,
abca08,N859NW,Airbus,A330-223,A332,,DELTA,DAL,
3c664c,D-AIRL,Airbus,A321 131,A321,,LUFTHANSA,DLH,
4005bc,G-VIID,Boeing Company,BOEING 777-236,B772,,SPEEDBIRD,BAW,
46d0a3,SX-TEC,,,A20N,,,,
4c01ed,YU-APN,Airbus,A319-132,A319,Air Serbia,AIR SERBIA,ASL,JU
3950cd,F-GUGN,Airbus,A318 111,A318,,AIRFRANS,AFR,
4d224c,9H-QAT,Boeing,Boeing 737-8AS (W),B738,Malta Air,RYANAIR,RYR,
3c6448,D-AIBH,Airbus,A319 112,A319,,LUFTHANSA,DLH,
44cdcb,OO-SNK,Airbus Industries,A320 200,A320,Brussels Airlines,BEE-LINE,BEL,SN
4cac1f,EI-HEZ,,,B38M,,,,
440018,OE-LKP,,,A319,,,,
a9f502,N74007,Boeing,777-224,B772,,UNITED,UAL,
8005eb,VT-ANA,Boeing,787 8,B788,,AIRINDIA,AIC,
aa9808,N782AV,Boeing,787-8,B788,, S.A.,AVA,
347287,EC-NTO,,,A20N,,,,
4b180a,HB-JCS,Airbus Industrie,A220-300,BCS3,Swiss International Air Lines,SWISS,SWR,LX
3472cc,EC-NTQ,,,A20N,,,,
4d23b6,9H-NFT,,,AT76,,,,
484cbb,PH-BVG,Boeing,Boeing 777 306ER,B77W,,KLM,KLM,
468e45,SX-CRE,,,A20N,,,,
c04e21,C-GDPG,Bombardier Inc.,BD-700-1A11 (Bombardier),GL5T,,,,
4ca85b,EI-EIA,Airbus Industrie,A320-216,A320,,ALITALIA,AZA,
781634,B-306Y,,A350-941,A359,China Eastern Airlines,CHINA EASTERN,CES,MU
406ac4,G-GDFZ,Boeing Company,BOEING 737-86Q,B738,,CHANNEX,EXS,
3c6518,D-AIHX,Airbus,A340 642,A346,,LUFTHANSA,DLH,
4b1856,HB-JFQ,Dassault Aviation,FALCON 7X,FA7X,Japat Ag,,,
4b194c,HB-JPC,Airbus Industrie,A321-271NX,A21N,Swiss International Air Lines,SWISS,SWR,LX
aa6bc0,N77022,Boeing,777-224,B772,,UNITED,UAL,
471f8e,HA-LYS,Airbus,A320 232SL,A320,,WIZZ AIR,WZZ,
abcf7f,N860GT,Boeing,747-8F,,,,,
400a0e,G-EUUO,Airbus Sas,AIRBUS A320-232,A320,,SPEEDBIRD,BAW,
400774,G-VIIW,Boeing Company,BOEING 777-236,B772,,SPEEDBIRD,BAW,
a13de2,N17963,Boeing,787-9,B789,,UNITED,UAL,
4d21ee,9H-QAF,Boeing,Boeing 737-8AS (W),B738,Malta Air,RYANAIR,RYR,
010207,SU-GFM,,A320-251N,A20N,Egyptair,EGYPTAIR,MSR,MS
493284,CS-LTD,Textron Aviation,Textron Aviation Citation Latitude,C68A,,,,
3991e7,F-HEPH,Airbus,A320 214SL,A320,,AIRFRANS,AFR,
7380c6,4X-EDH,,B787-9,B789,El Al Israel Airlines,ELAL,ELY,LY
400b82,G-DBCD,Airbus Sas,AIRBUS A319-131,A319,,SPEEDBIRD,BAW,
4ac9ee,SE-RON,Airbus Industries,A320-251N,A20N,Scandinavian Airlines,SCANDINAVIAN,SAS,SK
780201,B-KPA,Boeing,Boeing 777-367(ER),B77W,,CATHAY,CPA,
405636,G-EZDH,Airbus Sas,AIRBUS A319-111,A319,,EASY,EZY,
a884b6,N648UA,Boeing,767-322,B763,,UNITED,UAL,
4cad29,EI-HET,,,B38M,,,,
3c5ee6,D-AGWF,Airbus,A319 132,A319,,GERMAN WINGS,GWI,
4079f7,G-TTNN,Airbus,A320-251N,A20N,British Airways,SPEEDBIRD,BAW,BA
392ae8,F-GKXI,Airbus,A320 214,A320,,AIRFRANS,AFR,
44001c,OE-LBP,Airbus,A320 214,A320,,AUSTRIAN,AUA,
ac2cb2,N884AA,Boeing,787-8,B788,,,,
3c658e,D-AILN,Airbus,A319 114,A319,,LUFTHANSA,DLH,
06a0df,A7-BFF,Boeing,777 FDZ,B77L,Qatar Airways Cargo,QATARI,QTR,
4864eb,PH-NXN,,,E295,,,,
4d22c4,9H-IHH,,A320-232,A320,Lauda Air,LAUDA AIR,LDA,NG
a4c96c,N4073J,Airbus,A321-271NX,,Jetblue Airways,JETBLUE,JBU,B6
c051e2,C-GFAF,Airbus Industrie,A330-343 (Airbus),A333,Air Canada,AIR CANADA,ACA,AC
484132,PH-BXC,Boeing,737NG 8K2/W,B738,,KLM,KLM,
501db3,9A-DWA,Cessna,Citation CJ2+,C25A,Winair,WINAIR,WNA,
4baac7,TC-JVG,Boeing,737NG 8F2/W,B738,,TURKAIR,THY,
3c6426,D-AIAF,Airbus,A321 211SL,A321,,CONDOR,CFG,
4b18f4,HB-JLS,Airbus,A320-214,A320,Swiss International Air Lines,SWISS,SWR,LX
06a0e5,A7-AMF,,A350-900,A359,Qatar Airways,QATARI,QTR,QR
34520c,EC-MLP,Airbus,A330 202,A332,,IBERIA,IBE,
4b1803,HB-JCL,C Series Aircraft Limited Partnership,BD-500-1A11 (CS300),BCS3,Swiss International Air Lines,SWISS,SWR,LX
484cb4,PH-BCA,Boeing,737NG 8K2/W,B738,,KLM,KLM,
710130,HZ-ARH,Boeing,787 9,B789,,SAUDIA,SVA,
8940a2,A9C-NB,,,A21N,Gulf Air,GULF AIR,GFA,
4d0226,LX-MBE,Dassault,Dassault Falcon 2000,F2TH,,,,
4951cd,CS-TNM,Airbus,A320 214,A320,,AIR PORTUGAL,TAP,
345212,EC-MLM,Airbus,A321 231SL,A321,,VUELING,VLG,
48415e,PH-BXE,Boeing,737NG 8K2/W,B738,,KLM,KLM,
34604b,EC-MVZ,,,CRJX,,,,
48506d,PH-TFM,Boeing,787 8,B788,,ARKEFLY,TFL,
341119,EC-FTR,Boeing,757 256F,B752,Cygnus Air,CYGNUS AIR,RGN,
406f7c,G-ZBKP,Boeing Company,BOEING 787-9 Dreamliner,B789,,SPEEDBIRD,BAW,
ab5fc9,N832AA,Boeing,787-9,B789,,AMERICAN,AAL,
4d2168,9H-RSS,Bombardier,Bombardier Global 6000,GLEX,,,,
3c55c7,D-AENG,,,A20N,,,,
a2a3b6,N26967,Boeing,787-9,B789,United Airlines,UNITED,UAL,UA
344502,EC-LZX,Airbus,A330 302,A333,,IBERIA,IBE,
452134,LZ-FSA,Airbus Industrie,A320-232,A320,Fly2sky,VAW,,
461f57,OH-LWP,,A350-941,A359,Finnair,FINNAIR,FIN,AY
342581,EC-KCU,Airbus,A320 216,A320,,VUELING,VLG,
a9aebe,N723AN,Boeing,777-323ER,B77W,American Airlines,AMERICAN,AAL,AA
ab048d,N809NW,Airbus,A330-323,A333,,DELTA,DAL,
484c51,PH-EZM,Embraer,EMB-190 STD,E190,,CITY,KLC,
a0e956,N158QS,Bombardier Inc,BD-700-1A10,GLEX,,,,
48ada7,SP-LNH,Embraer,ERJ-195AR -&gt;195LR,E195,Lot - Polish Airlines - Poland,POLLOT,LOT,
484c54,PH-EZP,Embraer,EMB-190 STD,E190,,CITY,KLC,
347348,EC-NVZ,,,B788,,,,
440cff,OE-LVG,,,A319,,,,
896178,A6-EWF,Boeing,777 21HLR,B77L,,EMIRATES,UAE,
4d221d,9H-QBO,Boeing,Boeing 737-8AS (W),B738,Malta Air,,MMO,
4400eb,OE-IVT,,,A320,,,,
8963cf,A6-BLB,Boeing,787 9,B789,,ETIHAD,ETD,
a57ad0,N452PA,Boeing,747-46NF,B744,Polar Air Cargo,POLAR,PAC,PO
39c466,F-HRDG,,,E55P,,,,
a48850,N391UP,Boeing,767-304,B763,United Parcel Service Company (ups) - United States Of America,UPS,UPS,
3c66a2,D-AIUB,Airbus,A320 214SL,A320,,LUFTHANSA,DLH,
3c458e,D-AALN,Boeing,777-F,B77L,Aerologic,GERMAN CARGO,BOX,3S
4bb070,TC-LCP,,737-8 MAX,B38M,Turkish Airlines,TURKISH,THY,TK
49d0c6,OK-SLN,Embraer,Legacy 600,E35L,,,,
3007f1,I-JEND,,,E190,,,,
8963d5,A6-EPF,Boeing,777 31HER,B77W,,EMIRATES,UAE,
3c656c,D-AIKL,Airbus,A330 343E,A333,,LUFTHANSA,DLH,
48c2ae,SP-RZO,,,B38M,,,,
3949e5,F-GSPF,Boeing,777 228ER,B772,,AIRFRANS,AFR,
aa3417,N757AN,Boeing,777-223,B772,,AMERICAN,AAL,
a7e310,N607UP,Boeing,747-8F,B748,United Parcel Service,UPS,UPS,5X
516097,4O-AOB,Embraer,EMB-195 LR,E195,,MONTAIR,MGX,
400a7d,G-DBCB,Airbus Sas,AIRBUS A319-131,A319,,SPEEDBIRD,BAW,
400a26,G-EUUR,Airbus Sas,AIRBUS A320-232,A320,,SPEEDBIRD,BAW,
3c674a,D-AIZJ,Airbus,Airbus A320 214,A320,,LUFTHANSA,DLH,
40683e,G-VUFO,Airbus Sas,AIRBUS A330-343,A333,,VIRGIN,VIR,
3c6657,D-AIRW,Airbus,A321 131,A321,,LUFTHANSA,DLH,
abe5a2,N866FD,Boeing,777F,B77L,Federal Express Corporation D/b/a Fedex - United States Of America,FEDEX,FDX,FX
4bb1e7,TC-LOG,Airbus,A330 343E,A333,,TURKAIR,THY,
405bfc,G-YMMS,Boeing Company,BOEING 777-236,B772,,SPEEDBIRD,BAW,
40792e,G-TTNK,Airbus Sas,Airbus A320-251N,A20N,British Airways Shuttle Flights - United Kingdom,SPEEDBIRD,SHT,BA
71007f,HZ-ASE,Airbus,A320 214,A320,,SAUDIA,SVA,
4d2257,9H-QDA,Boeing,Boeing 737-8AS (W),B738,Malta Air,,MMO,
45ce57,OY-SRW,,,B763,Star Air,,,S6
406ec7,G-XLEL,Airbus Sas,AIRBUS A380-841,A388,,SPEEDBIRD,BAW,
3964f3,F-GZHT,Boeing,737NG 8K2/W,B738,,FRENCH SUN,TVF,
484560,PH-BVC,Boeing,777 306ER,B77W,,KLM,KLM,
392ae2,F-GKXC,Airbus,A320 214,A320,,AIRFRANS,AFR,
40731c,G-ZBJI,Boeing Company,BOEING 787-8 Dreamliner,B788,British Airways,SPEEDBIRD,BAW,BA
49514b,CS-TJK,Airbus,A321 251N,A21N,Tap Portugal,AIR PORTUGAL,TAP,TP
4078dd,G-XWBF,Airbus,Airbus 350-1041,A35K,British Airways,SPEEDBIRD,BAW,BA
345043,EC-MHS,Airbus,A321 231SL,A321,,VUELING,VLG,
47b121,LN-FND,,,B789,,,,
406542,G-EZUI,Airbus Sas,AIRBUS A320-214,A320,,EASY,EZY,
40097d,G-EUUB,Airbus Industrie,AIRBUS A320-232,A320,,SPEEDBIRD,BAW,
4b1815,HB-JDD,Airbus,A320-271N,A20N,Swiss International Air Lines,SWISS,SWR,LX
4d241a,9H-WAF,,,A21N,,,,
aafd1f,N807NW,Airbus,A330-323,A333,,DELTA,DAL,
44065c,OE-LBX,Airbus,Airbus A320 214,A320,,AUSTRIAN,AUA,
aa6ccb,N771AN,Boeing,777-223,B772,,AMERICAN,AAL,
c0583a,C-GHKR,Airbus Industrie,A330-343 (Airbus),A333,,AIR CANADA,ACA,
78076c,B-2086,Boeing,777 39L(ER),B77W,,AIR CHINA,CCA,
440484,OE-LKC,,,A319,,,,
040197,ET-AYB,,A350-941,A359,Ethiopian Airlines,ETHIOPIAN,ETH,ET
3451cd,EC-MNK,Airbus,A330 202,A332,,IBERIA,IBE,
4d02b7,LX-FLK,,,PC12,,,,
407464,G-TTNA,,,A20N,,,,
485e30,PH-BKK,,B787-10,B78X,Klm,KLM,KLM,KL
484966,PH-BGG,Boeing,737NG 7K2/W,B737,,KLM,KLM,
4401da,OE-LVK,Fokker,Fokker F100,F100,,AUSTRIAN,AUA,
398569,F-HBLJ,Embraer,EMB-190 STD,E190,Hop!,AIR HOP,HOP,A5
4787a0,LN-NIB,Boeing,737NG 86J/W,B738,,NOR SHUTTLE,NAX,
4074e3,G-ZBJK,Boeing,Boeing 787-8,B788,British Airways,SPEEDBIRD,BAW,BA
39cf00,F-HTYA,,Airbus A350-941,A359,Air France,AIRFRANS,AFR,AF
aa6914,N770AN,Boeing,777-223,B772,,AMERICAN,AAL,
406948,G-STBH,Boeing Company,BOEING 777-336ER,B77W,,SPEEDBIRD,BAW,
495306,CS-TXF,,A321-251NX(LR),A21N,Tap Portugal,AIR PORTUGAL,TAP,TP
3c6565,D-AIKE,Airbus,A330 343X,A333,,LUFTHANSA,DLH,
4cad3c,EI-HMT,,,B38M,,,,
3a2e24,F-OLRE,Boeing,777 300ER,B77W,,REUNION,REU,
4b1a01,HB-JWB,Bombardier Inc.,CL-600-2B16 (604 Variant),CL60,Schweizerische Luft-ambulanz Ag,,,
4d207a,9H-SVA,,,F900,,,,
440c38,OE-LSJ,,,A20N,,,,
44d071,OO-TCQ,Airbus,A320 214,A320,Brussels Airlines,BEE-LINE,BEL,SN
48ad82,SP-LMC,,,E190,,,,
a6d5b1,N54BE,Bell,206B Jet Ranger III,B06,,,,
77058f,4R-ALO,Airbus,A330 343E,A333,,SRILANKAN,ALK,
440732,OE-LQE,Airbus Industie,Airbus A319-111,A319,Easyjet,ALPINE,EJU,U2
34608f,EC-NAZ,,,A20N,,,,
4b1916,HB-JNA,Boeing,777-3DEER,B77W,Swiss International Air Lines,SWISS,SWR,LX
a8c121,N663UA,Boeing,767-322,B763,,UNITED,UAL,
4075b3,G-VLUX,Airbus Industrie,A350-1041,A35K,Virgin Atlantic Airways,VIRGIN,VIR,VS
344416,EC-LUS,Airbus,A320 216SL,A320,,,IBS,
345614,EC-MUM,Airbus,A320-214,A320,Vueling Airlines,VUELING,VLG,VY
40615b,G-EUYF,Airbus Sas,AIRBUS A320-232,A320,,SPEEDBIRD,BAW,
8960d9,A6-EBR,Boeing,777 31HER,B77W,,EMIRATES,UAE,
34134e,EC-HUI,Airbus,A321 212,A321,,IBERIA,IBE,
3ce18f,D-CMSL,,,PC24,,,,
ab4489,N825MH,Boeing,767-432ER,B764,,DELTA,DAL,
4ba919,TC-JHY,Boeing,737NG 8F2/W,B738,,TURKAIR,THY,
4cc53a,TF-ICL,,,B38M,,,,
4bb1c5,TC-LNE,Airbus,A330 303,A333,,TURKAIR,THY,
4ba9ef,TC-JOO,Airbus Industrie,A330-223F,A332,Turkish Cargo,TURKISH,THY,TK
34644e,EC-NJI,Airbus,A321-251NX,A21N,Iberia Express,IBEREXPRESS,IBS,I2
3949f4,F-GSPU,Boeing,777 228ER,B772,,AIRFRANS,AFR,
aa7439,N773AN,Boeing,777-223,B772,,AMERICAN,AAL,
4ac9e4,SE-ROD,Airbus,Airbus A320 251NSL,A20N,,SCANDINAVIAN,SAS,
3451d9,EC-MJP,Bombardier,CRJ 1000 NG,CRJX,,AIR NOSTRUM,ANE,
3c0caa,D-ATUR,Boeing,737NG 8K5/W,B738,,,TUI,
345385,EC-MOX,Bombardier,CRJ 1000 NG,CRJX,Binter Canarias,,IBB,NT
3c6705,D-AIXE,Airbus,A350 941,A359,,LUFTHANSA,DLH,
39e68e,F-HZUO,,,BCS3,,,,
34604e,EC-MXV,,A350-941,A359,Iberia Airlines,IBERIA,IBE,IB
780aaa,B-LRF,Airbus Industrie,A350-941,A359,Cathay Pacific,CATHAY,CPA,CX
39a123,F-HIJD,Cessna,Citation CJ2+,C25A,Ixair,X-BIRD,IXR,
4cac65,EI-AZD,,,B738,,,,
400fdb,G-EZBJ,Airbus Sas,AIRBUS A319-111,A319,,EASY,EZY,
3444c9,EC-MAH,Airbus,A320 214SL,A320,,VUELING,VLG,
345398,EC-MQE,Airbus,A320 232SL,A320,,VUELING,VLG,
34310d,EC-KLD,Boeing,757 236F,B752,Cygnus Air,CYGNUS AIR,RGN,
3c6473,D-AICS,,,A320,,,,
3c66b4,D-AIUT,Airbus,A320 214SL,A320,,LUFTHANSA,DLH,
4c01ec,YU-APM,,,A319,,,,
406cdd,G-POWM,Airbus Sas,AIRBUS A320-232,A320,Titan Airways,ZAP,AWC,ZT
44ce62,OO-SSB,Airbus,A319 111,A319,Brussels Airlines,BEE-LINE,BEL,SN
3965a1,F-GZNB,Boeing,Boeing 777-328(ER),B77W,,AIRFRANS,AFR,
5140c2,4L-NIK,,,B737,,,,
3c65d7,D-AINW,Airbus,Airbus 320-271N,A20N,Lufthansa,LUFTHANSA,DLH,LH
45ce4b,OY-SRK,Boeing,767 204ERBDSF,B762,Star Air,,,S6
4ca857,EI-EMO,The Boeing Company,BOEING 737-8AS,B738,,RYANAIR,RYR,
44cdca,OO-SNJ,Airbus Industrie,A320-214,A320,Brussels Airlines,BEE-LINE,BEL,SN
3c6654,D-AIRT,Airbus,A321 131,A321,,LUFTHANSA,DLH,
502d5b,YL-ABJ,,,BCS3,,,,
4b191a,HB-JNE,Boeing,777-3DEER,B77W,Swiss International Air Lines,SWISS,SWR,LX
40622b,G-EZTT,Airbus Sas,AIRBUS A320-214,A320,,EASY,EZY,
4ca8d6,EI-ENK,The Boeing Company,BOEING 737-8AS,B738,,RYANAIR,RYR,
344409,EC-LVS,Airbus,A320 232SL,A320,,VUELING,VLG,
4402a3,OE-LXE,,,A320,Austrian Airlines,AUSTRIAN,AUA,OS
346088,EC-MYB,,Airbus A320-214,A320,Vueling Airlines,VUELING,VLG,VY
4b1920,HB-JNK,Boeing,B777-300(ER),B77W,Swiss International Air Lines,SWISS,SWR,LX
4ca302,EI-DLW,The Boeing Company,BOEING 737-8AS,B738,,RYANAIR,RYR,
495214,CS-TPT,Embraer,EMB-190 LR,E190,,AIR PORTUGAL,TAP,
780c5c,B-2092,Boeing,Boeing 777-FFT,B77L,,,,
a34bb1,N311MX,Piper Aircraft Inc,PA-46-600TP,M600,,,,
71c359,HL8359,, Airbus A350-941,A359,Asiana Airlines,ASIANA,AAR,OZ
344216,EC-LPR,Boeing,737NG 85P/W,B738,,EUROPA,AEA,
3c648c,D-AIDL,Airbus,A321 231,A321,,LUFTHANSA,DLH,
0a008a,7T-VKK,Boeing,737NG 8D6/W,B738,,AIR ALGERIE,DAH,
345249,EC-MMU,Airbus,A321 231SL,A321,,VUELING,VLG,
e8020f,CC-BBJ,Boeing,787 8,B788,,LAN,LAN,
a8f77c,N677UA,Boeing,767-322,B763,,UNITED,UAL,
394c09,F-GTAJ,Airbus,A321 212,A321,,AIRFRANS,AFR,
4ca61d,EI-DWP,The Boeing Company,BOEING 737-8AS,B738,,RYANAIR,RYR,
3c70c8,D-ALFH,Boeing,777-F,B77L,Lufthansa Cargo,LUFTHANSA CARGO,GEC,LH
3c5c41,D-AGBA,Dassault,Falcon 8X,FA8X,,,,
485564,PH-CBV,,,F2TH,,,,
4b17ff,HB-JCH,C Series Aircraft Limited Partnership,BD-500-1A11 (CS300),BCS3,Swiss International Air Lines Ltd.,SWISS,SWR,LX
394a15,F-GSQV,Boeing,Boeing 777-328(ER) ,B77W,Air France,AIRFRANS,AFR,AF
440062,OE-IVF,Airbus,Airbus A320-214,A320,Easyjet,EASY,EZY,U2
406b6c,G-LCYS,Embraer Sa,ERJ 190-100 SR Embraer 190,E190,,FLYER,CFE,
4d226a,9H-QDU,,,B738,,,,
4ca708,EI-EBL,The Boeing Company,BOEING 737-8AS,B738,,RYANAIR,RYR,
3c65c2,D-AINB,Airbus,A320 271NSL,A20N,,LUFTHANSA,DLH,
7380c5,4X-EDF,,B787-9,B789,El Al Israel Airlines,ELAL,ELY,LY
4d2092,9H-MSL,Dassault,Dassault Falcon 50,FA50,,,,
34224e,EC-JLI,Airbus,A321 213,A321,,,IBS,
493286,CS-LTF,,,C68A,,,,
4ca8f5,EI-IMH,Airbus Industrie,A319-112,A319,,ALITALIA,AZA,
400b84,G-DBCF,Airbus Sas,AIRBUS A319-131,A319,,SPEEDBIRD,BAW,
4ca4ef,EI-DPK,The Boeing Company,BOEING 737-8AS,B738,Ryanair,RYANAIR,RYR,FR
4ca765,EI-EFJ,The Boeing Company,BOEING 737-8AS,B738,,RYANAIR,RYR,
3c56ea,D-AEWJ,Airbus,A320 214SL,A320,,EUROWINGS,EWG,
3c6562,D-AIKB,Airbus,A330 343X,A333,,LUFTHANSA,DLH,
405638,G-EZDJ,Airbus Sas,AIRBUS A319-111,A319,,EASY,EZY,
440132,OE-LQI,,,A319,,,,
48af00,SP-LVA,,,B38M,,,,
440c35,OE-LSA,,,A20N,,,,
3c55c3,D-AENC,,,A20N,,,,
a31a76,N29984,Boeing,787-9,B789,,,,
4ca82f,EI-DTO,Airbus Industrie,A320-216,A320,,ALITALIA,AZA,
3c4a02,D-ABPB,,,B789,,,,
344485,EC-LYJ,,,AT73,,,,
503d40,LY-FAS,,,A320,,,,
4d20b1,9H-MAW,Beech,Baron 58P,BE58,,,,
346091,EC-NCF,,,A20N,,,,
4007f2,G-YMMG,Boeing Company,BOEING 777-236,B772,British Airways,SPEEDBIRD,BAW,BA
405ee1,G-EUYD,Airbus Sas,AIRBUS A320-232,A320,,SPEEDBIRD,BAW,
4d2425,9H-WAQ,,,A21N,,,,
3949eb,F-GSPL,Boeing,777 228ER,B772,Air France,AIRFRANS,AFR,AF
48ad09,SP-LIK,Embraer,EMB-175 LR,E75S,,POLLOT,LOT,
48455d,PH-BGF,Boeing,737NG 7K2/W,B737,,KLM,KLM,
89653d,A6-BMF,,,B78X,,,,
3984c1,F-HBGB,Socata,TBM 700 B,TBM7,,,,
440582,OE-LKF,,,A319,,,,
06a0e7,A7-AMH,,A350-941,A359,Qatar Airways,QATARI,QTR,QR
3965ad,F-GZNN,Boeing,777 328ER,B77W,,AIRFRANS,AFR,
346355,EC-NIY,,A320-271N,A20N,Vueling Airlines,VUELING,VLG,VY
ab00d6,N808NW,Airbus,A330-323,A333,,DELTA,DAL,
4408a6,OE-FPM,Cessna,Citation CJ2+,C25A,,,,
405f32,G-DHLE,Boeing Company,BOEING 767-3JHF,B763,Dhl Air,WORLD EXPRESS,DHK,D0
06a2c5,A7-BEV,,777-300ER,B77W,Qatar Airways,QATARI,QTR,QR
3c6485,D-AIDE,Airbus,A321 231,A321,,LUFTHANSA,DLH,
4cada7,EI-INB,Airbus Industrie,A320-271N,A20N,Ita Airways,,,
347388,EC-NXE,,,A359,,,,
345299,EC-MMX,Boeing,787 8,B788,,EUROPA,AEA,
4b186f,HB-JGP,Bombardier Inc.,BD-700-1A10,GLEX,Premium Jet Ag,,,
3e1b14,D-IBLK,,,C25A,,,,
3c6702,D-AIXB,Airbus,A350 941,A359,,LUFTHANSA,DLH,
4d225d,9H-QDN,Boeing,Boeing 737-8AS (W),B738,Ryanair Ltd. - Ireland,RYANAIR,RYR,
a4e714,N415DX,Airbus Sas,A330-941,A339,Delta Air Lines,DELTA,DAL,DL
4cad47,EI-IFD,,A350-941,A359,Ita Airways,ALITALIA,ITY,AZ
3c6666,D-AISF,Airbus,A321 231,A321,,LUFTHANSA,DLH,
a075a3,N129FE,Boeing,767-3S2F,B763,Federal Express,FEDEX,FDX,FX
4b17f8,HB-JCA,C Series Aircraft Limited Partnership,BD-500-1A11 (CS300),BCS3,Swiss International Air Lines,SWISS,SWR,LX
71be20,HL7620,Boeing,Boeing 747-419(BDSF),B744,,ASIANA,AAR,
344158,EC-LOP,Airbus,A320 214,A320,,VUELING,VLG,
4ca8e8,EI-ENW,The Boeing Company,BOEING 737-8AS,B738,,RYANAIR,RYR,
4409c0,OE-IVA,Airbus,A320 214SL,A320,,EASY,EZY,
5001a0,T7-SAI,,,GL5T,,,,
c058be,C-GHPT,The Boeing Company,787-8 (Boeing),B788,,AIR CANADA,ACA,
4d2219,9H-QBW,,737-8AS (W),B738,Malta Air,,MAY,AL
485b44,PH-BKD,Boeing,Boeing 787-10,B78X,Klm Royal Dutch Airlines (koninklijke Luchtvaart Maatschappij N.v.) - Netherlands,KLM,KLM,
485209,PH-HXA,Boeing,737NG 8K2/W,B738,,TRANSAVIA,TRA,
4b169a,HB-IOO,Airbus,A321-212,A321,Swiss International Air Lines,SWISS,SWR,LX
738443,4X-AGH,,A321-251NX,A21N,Arkia Israel Airlines,ARKIA,AIZ,IZ
484c53,PH-EZO,Embraer,EMB-190 STD,E190,,CITY,KLC,
46b82d,SX-NAM,,,A21N,,,,
461fa4,OH-LZO,Airbus,A321 231SL,A321,,FINNAIR,FIN,
392af1,F-GKXR,Airbus,A320 214,A320,,AIRFRANS,AFR,
78071b,B-2082,Boeing,777 F6N,B77L,China Cargo Airlines,CARGO KING,CKK,CK
484ac0,PH-PXZ,Agustawestland,AW.139,A139,,ZXP26,,
4952a5,CS-TUE,,A330-941,A339,Tap Portugal,AIR PORTUGAL,TAP,TP
4520fb,LZ-GPA,,,B734,,,,
aabf87,N792AV,Boeing,787-8,B788,, S.A.,AVA,
345103,EC-MII,Airbus,A330 343E,A333,,,,
4690e2,SX-DGB,Airbus,A320 232,A320,,AEGEAN,AEE,
424b68,M-PORT,,,GL5T,,,,
885282,HS-TTB,,,B77W,,,,
4b1919,HB-JND,Boeing,777-3DEER,B77W,Swiss International Air Lines,SWISS,SWR,LX
343141,EC-KOH,Airbus,A320 214,A320,,IBERIA,IBE,
49410e,CS-PHN,,EMB-505 Phenom 300,E55P,Netjets Europe,FRACTION,NJE,1I
488912,SP-CIT,,,C525,,,,
484556,PH-BXY,Boeing,737NG 8K2/W,B738,,KLM,KLM,
4400f3,OE-KTP,,,SB91,,,,
502d3f,YL-ABA,,,BCS3,,,,
4008b5,G-EUPU,Airbus Industrie,AIRBUS A319-131,A319,,SPEEDBIRD,BAW,
394a0c,F-GSQM,Boeing,777 328ER,B77W,,AIRFRANS,AFR,
a92ddf,N69059,Boeing,767-424ER,B764,,UNITED,UAL,
3425ce,EC-JRP,Avions De Transport Regional,ATR 72 212F,AT73,Swiftair,SWIFT,SWT,
4ba9e5,TC-JOE,Airbus,A330 303,A333,,TURKAIR,THY,
344644,EC-MDZ,Airbus,A320 232SL,A320,,VUELING,VLG,
3949f7,F-GSPX,Boeing,777 228ER,B772,,AIRFRANS,AFR,
40753d,G-TUMA,,,B38M,,,,
394a12,F-GSQS,Boeing,777 328ER,B77W,,AIRFRANS,AFR,
3c6752,D-AIZR,Airbus,A320 214SL,A320,,EUROWINGS,EWG,
4ba9ca,TC-JNJ,Airbus,A330 343E,A333,Turkish Airlines,TURKISH,THY,TK
398565,F-HBLF,Embraer,EMB-190 LR,E190,,,,
4952c1,CS-TVA,Airbus,A320 251N ,A20N,Tap Portugal,AIR PORTUGAL,TAP,TP
ab2c0c,N819NW,Airbus,A330-323,A333,,DELTA,DAL,
39c427,F-HRBH,Boeing,787-9,B789,Air France,AIRFRANS,AFR,AF
04012b,ET-ATR,Airbus,A350 941,A359,Ethiopian Airlines,ETHIOPIAN,ETH,ET
896317,A6-ENU,Boeing,Boeing 777-31HER,B77W,Emirates,UAE,UAE,
493283,CS-LTC,Textron Aviation,Citation Latitude,C68A,,,,
345109,EC-MKI,Airbus,A330 202,A332,,IBERIA,IBE,
486483,PH-NXF,,,E295,,,,
485920,PH-GOV,,,B737,,,,
4400b2,OE-LDA,Airbus,Airbus A319 111,A319,Austrian Airlines,AUSTRIAN,AUA,OS
48af0c,SP-LVM,,,B38M,,,,
40688a,G-EUYO,Airbus Sas,AIRBUS A320-232,A320,,SPEEDBIRD,BAW,
405b6a,G-EZDR,Airbus Sas,AIRBUS A319-111,A319,,EASY,EZY,
3950cf,F-GUGP,Airbus,A318 111,A318,Air France,AIRFRANS,AFR,AF
4d241c,9H-WAG,,,A21N,,,,
7815a1,B-304N,,A350-941,A359,China Eastern Airlines,CHINA EASTERN,CES,MU
4ac9f3,SE-ROS,,,A20N,Scandinavian Airlines,SCANDINAVIAN,SAS,SK
44a831,OO-JAQ,Boeing,737NG 8K5/W,B738,,BEAUTY,JAF,
468d07,SX-CHG,,,A20N,,,,
3c6497,D-AIDW,Airbus,A321 231,A321,,LUFTHANSA,DLH,
406890,G-ZBJC,Boeing Company,BOEING 787-8 Dreamliner,B788,British Airways,SPEEDBIRD,BAW,BA
ab8fd0,N844MH,Boeing,767-432ER,B764,,DELTA,DAL,
780f3b,B-7368,Boeing,777 39PER,B77W,,CHINA EASTERN,CES,
342189,EC-JEJ,Airbus,A321 213,A321,,,IBS,
8013c2,VT-TSD,,787-9 Dreamliner,B789,Vistara,,VTI,
02009f,CN-ROW,Boeing,767 343ER,B763,,ROYALAIR MAROC,RAM,
4d2422,9H-WAN,,,A20N,,,,
485a86,PH-TFU,,,B38M,,,,
502ce7,YL-CSM,,A220-300 ,BCS3,Air Baltic,AIRBALTIC,BTI,BT
48455a,PH-BGC,Boeing,737NG 8K2/W,B738,,KLM,KLM,
4acb03,SE-RXC,,,B738,,,,
3985a3,F-HBND,Airbus,A320 214,A320,,AIRFRANS,AFR,
4ca9ed,EI-EVP,The Boeing Company,BOEING 737-8AS,B738,,RYANAIR,RYR,
4077d4,G-VRNB,,A350-1041,A35K,Virgin Atlantic Airways,VIRGIN,VIR,VS
a8b9b3,N661UA,Boeing,767-322,B763,,UNITED,UAL,
3e31d8,D-IKBO,Cessna,Citation CJ2+,C25A,,,,
343194,EC-KRH,Airbus,A320 214,A320,,VUELING,VLG,
39cf0f,F-HTYP,,,A359,Air France,AIRFRANS,AFR,AF
4ca27f,EI-DEK,Airbus Industrie,A320-214,A320,,SHAMROCK,EIN,
a28e10,N264CE,Textron Aviation Inc,525B,C25B,,,,
394a05,F-GSQF,Boeing,777 328ER,B77W,Air France,AIRFRANS,AFR,AF
020118,CN-NMI,Airbus,A320-214,A320,Air Arabia,ARABIA,ABY,G9
407536,G-TTNF,Airbus Industrie,A320-251N,A20N,British Airways,SPEEDBIRD,BAW,BA
c04a7d,C-GCFK,The De Havilland Aircraft Company Of Canada A Division Of Boeing Of Canada Ltd.,DHC-8-102 (Dehavilland),DH8A,Nav Canada,NAV CAN,NVC,
407b8f,G-TTNP,,,A20N,,,,
4ba9c3,TC-JNC,Airbus,A330 203,A332,,TURKAIR,THY,
405a49,G-EUYA,Airbus Sas,AIRBUS A320-232,A320,,SPEEDBIRD,BAW,
471f70,HA-LXO,Airbus,A321 231SL,A321,,WIZZ AIR,WZZ,
4854cf,PH-HBN,,,B738,,,,
3c64a1,D-AIEA,Airbus Industrie,A321-271NX,A21N,Lufthansa,LUFTHANSA,DLH,LH
34644d,EC-NIF,,A321-251NX,A21N,Iberia Express,IBEREXPRESS,IBS,I2
ac0906,N875BD,Boeing,787-8,B788,,,,
485875,PH-EXY,Embraer,EMB-190 STD,E190,Klm,KLM,KLM,KL
440bc1,OE-LND,,,B752,,,,
484c50,PH-EZL,Embraer,EMB-190 STD,E190,,CITY,KLC,
46b82a,SX-NAJ,Airbus,A321 271NXSL,A21N,Aegean Airlines,AEGEAN,AEE,A3
495267,CS-TSG,,,A21N,,,,
4bb288,TC-LTH,,,A21N,,,,
3c56ed,D-AEWM,Airbus,A320 214SL,A320,,EUROWINGS,EWG,
4aca0b,SE-RPK,Boeing,Boeing 737-8JP (W),B738,Norwegian Air Shuttle A.s. T/a Norwegian - Norway,NOR SHUTTLE,NAX,
503e6a,LY-MLI,,,A320,,,,
502d10,YL-AAT,,A220-300,BCS3,Air Baltic,AIRBALTIC,BTI,BT
4b1699,HB-ION,Airbus,A321-212,A321,Swiss International Air Lines Ltd.,SWISSAIR,SWR,SR
7105ab,HZ-AR24,,,B78X,,,,
4076e2,G-NEOT,Airbus Industrie,A321-251NX,A21N,British Airways,SPEEDBIRD,BAW,BA
4bb275,TC-LSU,,,A21N,,,,
40772d,G-UZHX,,,A20N,,,,
738055,4X-EHF,Boeing,737NG 958ER/W,B739,,ELAL,ELY,
344545,EC-MAF,Avions De Transport Regional,ATR 72 500,AT75,,,,
44ce61,OO-SSA,Airbus,A319 111,A319,Brussels Airlines,BEE-LINE,BEL,SN
3949ee,F-GSPO,Boeing,777 228ER,B772,,AIRFRANS,AFR,
346691,EC-NLX,,,A321,,,,
4008b2,G-EUPR,Airbus Industrie,AIRBUS A319-131,A319,,SPEEDBIRD,BAW,
3965a3,F-GZND,Boeing,Boeing 777-328(ER),B77W,,AIRFRANS,AFR,
3c6441,D-AIBA,Airbus,A319 112,A319,,LUFTHANSA,DLH,
3424d5,EC-KDG,Airbus,A320 214,A320,,VUELING,VLG,
484442,PH-BXU,Boeing,737NG 8BK/W,B738,,KLM,KLM,
440128,OE-IJZ,Airbus Industrie,A320-214,A320,Easyjet,EASY,EZY,U2
39cf08,F-HTYI,Airbus Industrie,A350-941,A359,Air France,AIRFRANS,AFR,AF
40749b,G-ZBKR,,B787-9,B789,British Airways,SPEEDBIRD,BAW,BA
4a08ed,YR-BGM,Boeing,737-800,B738,Tarom,TAROM,ROT,RO
4ca9cb,EI-LRD,,A321-251NX(LR),A21N,Aer Lingus,SHAMROCK,EIN,EI
4007fb,G-YMMP,Boeing Company,BOEING 777-236,B772,British Airways,SPEEDBIRD,BAW,BA
345692,EC-MXY,A320-251n,,A20N,Iberia Airlines,IBERIA,IBE,IB
440115,OE-EAA,,,C208,,,,
345359,EC-MPV,Airbus,A321 231SL,A321,,VUELING,VLG,
781134,B-8982,Airbus,A330 243,A332,Capital Airlines,CAPITAL DELTA,CPD,
7c8066,VH-ZNC,,,B789,,,,
4b18b8,HB-JJK,Airbus,A320-214,A320,Edelweiss Air,EDELWEISS,EDW,WK
345248,EC-MMH,Airbus,A321 231SL,A321,Vueling Airlines,VUELING,VLG,VY
3c70c7,D-ALFG,,,B77L,Lufthansa Cargo,LUFTHANSA CARGO,GEC,LH
34324f,EC-LEI,Airbus,A319 111,A319,,IBERIA,IBE,
3c666c,D-AISL,Airbus,A321 231,A321,,LUFTHANSA,DLH,
3452c7,EC-MLN,Bombardier,Bombardier CRJ 1000 NG,CRJX,,AIR NOSTRUM,ANE,
3444cc,EC-MAN,Airbus,A320 214SL,A320,,VUELING,VLG,
48548e,PH-EXL,Embraer,EMB-175 200STD,E75L,,CITY,KLC,
3c6917,D-AJHW,Embraer,E190LR,E190,German Airways,GERMAN EAGLE,GER,ZQ
7808cc,B-2035,Boeing, Boeing 777-39L(ER),B77W,,AIR CHINA,CCA,
407cd7,G-LMTA,,,AT76,,,,
3c6672,D-AISR,Airbus,A321 231,A321,,LUFTHANSA,DLH,
020140,CN-NMN,,A320-214 (W),A320,Air Arabia Maroc,ARABIA MAROC,MAC,3O
3991e8,F-HEPI,Airbus,A320 214SL,A320,,AIRFRANS,AFR,
3c64ad,D-AIEM,,,A21N,,,,
4ba956,TC-JJV,Boeing,B777-3F2(ER),B77W,,TURKAIR,THY,
3c65c4,D-AIND,Airbus,A320 271NSL,A20N,Lufthansa,LUFTHANSA,DLH,LH
400b83,G-DBCE,Airbus Sas,AIRBUS A319-131,A319,,SPEEDBIRD,BAW,
4ca9ea,EI-EVM,The Boeing Company,BOEING 737-8AS,B738,,RYANAIR,RYR,
407930,G-TTNM,,,A20N,British Airways,SPEEDBIRD,BAW,BA
398568,F-HBLI,Embraer,EMB-190 STD,E190,Hop!,AIR HOP,HOP,A5
406d4c,G-VCRU,Boeing Company,BOEING 787-9 Dreamliner,B789,,VIRGIN,VIR,
4b1a28,HB-JXO,,A320-214 (W),A320,Easyjet Switzerland,TOPSWISS,EZS,DS
4ca56b,EI-DWF,The Boeing Company,BOEING 737-8AS,B738,,RYANAIR,RYR,
4952ab,CS-TUK,,A330-941,A339,Tap Portugal,AIR PORTUGAL,TAP,TP
4d227f,9H-QAW,,,B738,,,,
407688,G-UZHT,,A320-251N,A20N,Easyjet,EASY,EZY,U2
4851b1,PH-BHF,Boeing,787 9,B789,,KLM,KLM,
3965a9,F-GZNJ,Boeing,777 328ER,B77W,,AIRFRANS,AFR,
4d00d5,LX-LQA,Bombardier,DHC-8 402 NG,DH8D,,LUXAIR,LGL,
3c6742,D-AIZB,Airbus,A320 214,A320,,LUFTHANSA,DLH,
8965b8,A6-EFT,,,B77L,,,,
3c674f,D-AIZO,Airbus,A320 214,A320,,LUFTHANSA,DLH,
344487,EC-LXV,Boeing,737NG 85P/W,B738,Air Europa,EUROPA,AEA,UX
71be16,HL7616,Boeing,B747- 446(F),B744,,ASIANA,AAR,
3c49ce,D-ABNN,Airbus,A320 214,A320,,EUROWINGS,EWG,
4007f4,G-YMMI,Boeing Company,BOEING 777-236,B772,,SPEEDBIRD,BAW,
3946e5,F-GRXF,Airbus,A319 111,A319,,AIRFRANS,AFR,
4ca63b,EI-FNJ,Airbus Industrie,A320-214,A320,,SHAMROCK,EIN,
ab1bf0,N815AA,Boeing,787-8,B788,,AMERICAN,AAL,
780abb,B-LRP,Airbus,A350 941,A359,,CATHAY,CPA,
3455d5,EC-MUD,,A330-202,A332,Iberia Airlines,IBERIA,IBE,IB
4ca837,EI-GAM,Airbus,A320 214,A320,,SHAMROCK,EIN,
4d2342,9H-IFX,,,E550,,,,
3cc09c,D-CAGA,Embraer,Phenom 300,E55P,,,,
347245,EC-NTB,,,A359,,,,
495302,CS-TXB,,A321-251NX,A21N,Tap Portugal,AIR PORTUGAL,TAP,TP
407600,G-NEOP,Airbus Industrie,A321-251NX,A21N,British Airways,SPEEDBIRD,BAW,BA
503e82,LY-GYM,,,A320,,,,
44033e,OE-LQA,Airbus Industrie,A319-111,A319,Easyjet,EASY,EZY,U2
4401e4,OE-LQD,,,A319,,,,
3c4b2b,D-ABYK,Boeing,747 830,B748,,LUFTHANSA,DLH,
3461c1,EC-NCJ,,,C56X,,,,
344557,EC-MCU,Airbus,A320 214,A320,,VUELING,VLG,
4bcded,TC-SOM,,,B38M,,,,
3cc187,D-CAPB,Cessna,Citation Encore+,C560,,,,
e48df6,PT-MUI,Boeing,777 32WER,B77W,,TAM,TAM,
48415f,PH-BXF,Boeing,737NG 8K2/W,B738,,KLM,KLM,
392ae7,F-GKXH,Airbus,A320 214,A320,,AIRFRANS,AFR,
34538e,EC-MPG,Boeing,737NG 800/W,B738,Air Europa,EUROPA,AEA,UX
4b1817,HB-JDF,,,A20N,,,,
44cdc5,OO-SNE,Airbus,A320 214,A320,Brussels Airlines,BEE-LINE,BEL,SN
39e68a,F-HZUK,,,BCS3,,,,
344446,EC-LUT,Boeing,737NG 85P/W,B738,Air Europa,EUROPA,AEA,UX
3c4b31,D-ABYQ,Boeing,747 830,B748,,LUFTHANSA,DLH,
02a1b4,TS-INU,,,A320,,,,
3c66aa,D-AIUJ,Airbus,A320 214SL,A320,,LUFTHANSA,DLH,
406ae2,G-EUYV,Airbus Sas,AIRBUS A320-232,A320,,SPEEDBIRD,BAW,
344157,EC-LOC,Airbus,A320 214,A320,,VUELING,VLG,
406b20,G-XLEG,Airbus Sas,AIRBUS A380-841,A388,,SPEEDBIRD,BAW,
484165,PH-BXM,Boeing,737NG 8K2/W,B738,,KLM,KLM,
894097,A9C-FF,,,B789,,,,
738052,4X-EHC,Boeing,737NG 958ER/W,B739,,ELAL,ELY,
3c66b0,D-AIUP,Airbus,A320 214SL,A320,,LUFTHANSA,DLH,
485b43,PH-BKC,Boeing Charleston (chs),Boeing 787-10,B78X,Klm Royal Dutch Airlines (koninklijke Luchtvaart Maatschappij N.v.) - Netherlands,KLM,KLM,
0101bb,SU-GEK,Boeing,737NG 800/W,B738,,EGYPTAIR,MSR,
346605,EC-NNH,Airbus,A330-202,A332,Iberia Airlines,IBERIA,IBE,IB
3472c4,EC-NUP,,,A320,,,,
3c6650,D-AIRP,Airbus,A321 131,A321,,LUFTHANSA,DLH,
461fa3,OH-LZN,Airbus,Airbus A321 231SL,A321,,FINNAIR,FIN,
400683,G-VIIK,Boeing Company,BOEING 777-236,B772,,SPEEDBIRD,BAW,
502d0d,YL-AAQ,Airbus,A220-330,BCS3,Air Baltic,AIRBALTIC,BTI,BT
347349,EC-NXA,,,B788,,,,
ab1d30,N815NW,Airbus,A330-323,A333,,DELTA,DAL,
406674,G-EUYN,Airbus Sas,AIRBUS A320-232,A320,,SPEEDBIRD,BAW,
48af08,SP-LVI,,,B38M,,,,
452084,LZ-CGW,Boeing,737-46JSF,B734,Cargo Air,CLEVER,CGF,
3c6748,D-AIZH,Airbus,A320 214,A320,,LUFTHANSA,DLH,
abac50,N851NW,Airbus Industrie,A330-223,A332,,DELTA,DAL,
440af4,OE-IWB,,,B738,,,,
4baa53,TC-JRS,Airbus,A321 231,A321,,TURKAIR,THY,
344501,EC-MBT,Airbus,A320 232SL,A320,,VUELING,VLG,
3c6637,D-AIQW,Airbus,A320 211,A320,,LUFTHANSA,DLH,
89505b,V8-DLD,Boeing,787 8,B788,,BRUNEI,RBA,
400cd8,G-EZIY,Airbus Sas,AIRBUS A319-111,A319,,EASY,EZY,
70209b,S2-AJV,,,B788,,,,
4b194a,HB-JPA,Airbus Industrie,A321-271NX,A21N,Swiss International Air Lines,SWISS,SWR,LX
3420cc,EC-IZR,Airbus,A320 214,A320,,IBERIA,IBE,
c004f3,C-FBWS,,,B38M,,,,
347308,EC-NXX,,,B738,,,,
c06a7f,C-GOIO,,A321-271NX,A21N,Air Transat,AIR TRANSAT,TSC,TS
3c7a4a,D-ANRJ,Airbus Industrie,A330-941	,A339,Condor Flugdienst,CONDOR,CFG,DE
394a11,F-GSQR,Boeing,777 328ER,B77W,,AIRFRANS,AFR,
3949f9,F-GSPZ,Boeing,777 228ER,B772,,AIRFRANS,AFR,
347187,EC-NQS,,,C25C,,,,
3e3524,D-ILIA,,,C525,,,,
396669,F-GZTJ,Boeing,737 4S3SF,B734,,,,
06a141,A7-BFH,Boeing,Boeing 777-FDZ,B77L,Qatar Airways Cargo,QATARI,QTR,
44a8a6,OO-JEF,Boeing,737NG 8K5/W,B738,,BEAUTY,JAF,
4d2129,9H-AVE,Dassault,Falcon 50EX,F5EX,,,,
3c64aa,D-AIEJ,,,A21N,,,,
4b027c,HB-AYM,,,A20N,,,,
495038,CS-TAX,,,E195,,,,
3007f2,I-JENE,,,E190,,,,
48520c,PH-HXD,Boeing,737NG 8K2/W,B738,,TRANSAVIA,TRA,
47ba0d,LN-RGO,Airbus,A320 251NSL,A20N,,SCANDINAVIAN,SAS,
3c658c,D-AILL,Airbus,A319 114,A319,,LUFTHANSA,DLH,
02005a,CN-ROB,Boeing,737NG 8B6/W,B738,,ROYALAIR MAROC,RAM,
484ee4,PH-HSD,Boeing,737NG 8K2/W,B738,,KLM,KLM,
485a85,PH-TFT,,,B38M,,,,
392af9,F-GKXZ,Airbus,A320 214,A320,,AIRFRANS,AFR,
34454b,EC-MBY,Airbus,A320 214,A320,,VUELING,VLG,
789201,B-LRT,Airbus,Airbus A350 941,A359,,CATHAY,CPA,
4bb02b,TC-LAK,,,B38M,,,,
a9c508,N729AN,Boeing,777-323ER,B77W,,AMERICAN,AAL,
780ae6,B-2040,Boeing, Boeing 777-39L(ER),B77W,,AIR CHINA,CCA,
4b18ff,HB-JMD,Airbus,A340-313,A343,Edelweiss Air,EDELWEISS,EDW,WK
3c6548,D-AIJH,,,A20N,,,,
4d21f2,9H-QAJ,Boeing,Boeing 737-8AS,B738,Malta Air,RYANAIR,RYR,
44ce6a,OO-SSJ,Airbus,A319 111,A319,Brussels Airlines,BEE-LINE,BEL,SN
4ca640,EI-DVH,Airbus Industrie,A320-214,A320,,SHAMROCK,EIN,
71c361,HL8361,,Airbus A350-941,A359,Asiana Airlines,ASIANA,AAR,OZ
4b1886,HB-JHM,Airbus,A330-343,A333,Swiss International Air Lines,SWISS,SWR,LX
4d236a,9H-VUT,,,B38M,,,,
78168f,B-20AA,,,B789,,,,
40649f,G-EUYK,Airbus Sas,AIRBUS A320-232,A320,,SPEEDBIRD,BAW,
4b161a,HB-IJQ,Airbus,A320-214,A320,Swiss International Air Lines,SWISS,SWR,LX
44d2ab,OO-TUK,Boeing,737NG 86J/W,B738,,BEAUTY,JAF,
06a2c4,A7-BEU,Boeing,777-3DZ(ER),B77W,Qatar Airways,QATARI,QTR,QR
3465d9,EC-NNY,,,A320,,,,
34629a,EC-NEZ,,,E295,,,,
39ceb0,F-HTVQ,,737-8AL (W),B738,Transavia France,FRANCE SOLEIL,TVF,TO
4b1620,HB-IJW,Airbus,A320-214,A320,Edelweiss Air,EDELWEISS,EDW,WK
0a008f,7T-VKP,Boeing,737NG 800/W,B738,Air Algerie,AIR ALGERIE,DAH,AH
407b8e,G-TTNR,,,A20N,,,,
3c666f,D-AISO,Airbus,A321 231,A321,,LUFTHANSA,DLH,
76cef7,9V-SWW,Boeing,777 312ER,B77W,,SINGAPORE,SIA,
aacaa5,N795AN,Boeing,777-223,B772,,AMERICAN,AAL,
4d208e,9H-GYB,Hawker Beechcraft Corp,Hawker 900XP,H900,,,,
ab30e6,N820AL,Boeing,787-9,B789,,AMERICAN,AAL,
405a48,G-EUUZ,Airbus Sas,AIRBUS A320-232,A320,,SPEEDBIRD,BAW,
39e689,F-HZUJ,,,BCS3,,,,
3c48ee,D-ABGN,Airbus,A319 112,A319,,EUROWINGS,EWG,
c01c52,C-FKSV,The Boeing Company,787-9 (Boeing),B789,,AIR CANADA,ACA,
78921a,B-LXH,,,A35K,,,,
5001ac,T7-MCB,,,GLEX,,,,
a3376c,N306UP,Boeing,767-34AF,B763,United Parcel Service,UPS,UPS,5X
3c64fa,D-AIGZ,Airbus,A340 313X,A343,,LUFTHANSA,DLH,
44083c,OE-IJQ,,,A320,,,,
471fa4,HA-LZO,,,A21N,,,,
c058c0,C-GHPV,The Boeing Company,787-8 (Boeing),B788,,AIR CANADA,ACA,
4ca935,EI-DVL,Airbus Industrie,A320-214,A320,,SHAMROCK,EIN,
4851ae,PH-BHC,Boeing,Boeing 787-9,B789,,KLM,KLM,
495305,CS-TXE,,A321-251NX(LR),A21N,Tap Portugal,AIR PORTUGAL,TAP,TP
4005b9,G-VIIA,Boeing Company,BOEING 777-236,B772,,SPEEDBIRD,BAW,
4952a1,CS-TUA,Airbus,A330 941N,A339,,AIR PORTUGAL,TAP,
781610,B-306N,,A350-941,A359,Sichuan Airlines,SI CHUAN,CSC,3U
495269,CS-TSI,,,A21N,,,,
780f15,B-7183,Boeing,777 31BER,B77W,,CHINA SOUTHERN,CSN,
71c212,HL8212,Airbus,A330 223,A332,,KOREANAIR,KAL,
8852e1,HS-TWA,Boeing,787 9,B789,,THAI,THA,
484410,PH-AOB,Airbus,A330 203,A332,,KLM,KLM,
345352,EC-MPE,Boeing,787 8,B788,,EUROPA,AEA,
4691c3,SX-DNC,Airbus,A320 232SL,A320,,AEGEAN,AEE,
4ac9f8,SE-ROX,Airbus Industrie,A320-251N,A20N,Scandinavian Airlines,SCANDINAVIAN,SAS,SK
3e2bf6,D-IHVQ,Cessna,Cessna 525 Citation CJ1,C525,Pav - Proair Aviation Gmbh,,,
780970,B-2036,Boeing,Boeing 777-39L(ER),B77W,,AIR CHINA,CCA,
3c65ca,D-AINJ,Airbus Industrie,A320-271N,A20N,Lufthansa,LUFTHANSA,DLH,LH
4cadc2,EI-IGA,,,B38M,,,,
44cdc8,OO-SNH,Airbus,A320 214,A320,Brussels Airlines,BEE-LINE,BEL,SN
345688,EC-MUG,Bombardier,CRJ-1000,CRJX,Air Nostrum,AIR NOSTRUM,ANE,YW
3c66ad,D-AIUM,Airbus,A320 214SL,A320,,LUFTHANSA,DLH,
896189,A6-EEJ,Airbus,A380 861,A388,,EMIRATES,UAE,
493294,CS-LTT,,,C68A,,,,
4b1807,HB-JCP,C Series Aircraft Limited Partnership,BD-500-1A11 (CS300),BCS3,Swiss International Air Lines,SWISS,SWR,LX
34448d,EC-LYE,Airbus,A320 216SL,A320,,,IBS,
3c6487,D-AIDG,Airbus,A321 231,A321,,LUFTHANSA,DLH,
4b19f4,HB-JVO,Embraer - Empresa Brasileira De Aeronáutica Sa,ERJ 190-100 LR,E190,Helvetic Airways,HELVETIC,OAW,2L
4b0294,HB-AZK,,,E295,,,,
44ce76,OO-SSV,Airbus,A319 111,A319,Brussels Airlines,BEE-LINE,BEL,SN
398561,F-HBLB,Embraer,EMB-190 LR,E190,Hop!,AIR HOP,HOP,A5
355316,TR.20-01,Cessna,Citation V,C560,Spanish Air Force,AIRMIL,AME,
344449,EC-LVD,Airbus,A320-216,A320,Iberia Airlines,IBERIA,IBE,IB
3c6668,D-AISH,Airbus,A321 231,A321,,LUFTHANSA,DLH,
44020a,OE-LXA,Airbus Industrie,A320-216,A320,Austrian Airlines,AUSTRIAN,AUA,OS
4951d7,CS-TNW,Airbus,A320 214,A320,,AIR PORTUGAL,TAP,
3c66e7,D-AIWG,Airbus Industrie,A320-214,A320,Lufthansa,LUFTHANSA,DLH,LH
406279,G-LCYM,Empresa Brasileira De Aeronautica Sa,ERJ 190-100 SR Embraer 190,E190,,FLYER,CFE,
4d22a0,9H-HFA,,A330-343,A333,Hi Fly Malta,MOONRAKER,HFM,
885170,HS-TKP,Boeing,777 3ALER,B77W,,THAI,THA,
4400be,OE-IAM,,,B734,,,,
406d1a,G-XLEJ,Airbus Sas,AIRBUS A380-841,A388,,SPEEDBIRD,BAW,
a4b0bb,N401DZ,Airbus,A330-941,A339,Delta Air Lines,DELTA,DAL,DL
502cc7,YL-CSB,Bombardier,Airbus A220-300,BCS3,Air Baltic,AIRBALTIC,BTI,BT
4ba9fa,TC-JOZ,Airbus,A330 243F,A332,,TURKAIR,THY,
4ca61e,EI-DWR,The Boeing Company,BOEING 737-8AS,B738,Ryanair,RYANAIR,RYR,FR
440352,OE-IJV,,,A320,,,,
4b15ee,HB-IHY,Airbus,A320-214,A320,Edelweiss Air,EDELWEISS,EDW,WK
4952a7,CS-TUG,Airbus,A330 941,A339,Tap Portugal,AIR PORTUGAL,TAP,TP
3c6449,D-AIBI,Airbus,A319 112,A319,,LUFTHANSA,DLH,
4d20f3,9H-BSA,Hawker Beechcraft Corp,Hawker Beechcraft Corp Hawker 750,H25B,,,,
34210d,EC-IYH,Avions De Transport Regional,ATR 72 202F,AT72,Swiftair,SWIFT,SWT,
48548d,PH-EXM,Embraer,EMB-175 200STD,E75L,Klm Cityhopper,KLM,KLC,WA
a8b75f,N66056,Boeing,767-424ER,B764,,UNITED,UAL,
3c4b27,D-ABYG,Boeing,747 830,B748,,LUFTHANSA,DLH,
406f73,G-ZBKG,Boeing Company,BOEING 787-9 Dreamliner,B789,British Airways,SPEEDBIRD,BAW,BA
a91b44,N686UA,Boeing,767-3CB,B763,United Airlines,UNITED,UAL,UA
344455,EC-LVQ,Airbus,A320 216SL,A320,,,IBS,
3c65c3,D-AINC,Airbus,A320 271NSL,A20N,,LUFTHANSA,DLH,
40690c,G-EZWK,Airbus Sas,AIRBUS A320-214,A320,,EASY,EZY,
4bb2ad,TC-LUM,,,A21N,,,,
78023d,B-KPQ,Boeing,Boeing 777-367(ER) ,B77W,,CATHAY,CPA,
4acb02,SE-RXB,Boeing,737NG 84P/W,B738,Norwegian Air Sweden,,NSZ,
44ccc3,OO-SFC,Airbus Industrie,A330-342,A333,Brussels Airlines,BEE-LINE,BEL,SN
39cf0b,F-HTYL,,A350-941,A359,Air France,AIRFRANS,AFR,AF
4cac85,EI-HGH,,,B38M,,,,
4ca85c,EI-EIB,Airbus Industrie,A320-216,A320,,ALITALIA,AZA,
3c70b4,D-ALET,Boeing,757-28APCF,B752,European Air Transport,EUROTRANS,BCS,QY
3c6519,D-AIHY,Airbus,Airbus A340 642,A346,,LUFTHANSA,DLH,
aa44d0,N76065,Boeing,767-424ER,B764,,UNITED,UAL,
484f06,PH-BGM,Boeing,737NG 7K2/W,B737,,KLM,KLM,
4d2119,9H-VCK,Bombardier,Challenger 350,CL35,,,,
a0e59f,N157QS,Bombardier Inc,BD-700-1A10,GLEX,,,,
39e686,F-HZUG,,A220-300,BCS3,Air France,AIRFRANS,AFR,AF
39644a,F-GZCK,Airbus,A330 203,A332,,AIRFRANS,AFR,
4d2465,9H-NCC,,,AT76,,,,
4b18bb,HB-JJN,Airbus Industrie,A320-214,A320,Edelweiss Air,EDELWEISS,EDW,WK
48418a,PH-BXO,Boeing,737NG 9K2/W,B739,,KLM,KLM,
400d5b,G-DBCH,Airbus Sas,AIRBUS A319-131,A319,,SPEEDBIRD,BAW,
040123,ET-ATG,Boeing,787 8,B788,,ETHIOPIAN,ETH,
4952c6,CS-TVF,Airbus,A320-251N,A20N,Tap Air Portugal,,,
471fa1,HA-LZL,,,A21N,,,,
48c2a5,SP-RZF,Boeing,737 MAX 8,B38M,Buzz,,BUZ,UK
896198,A6-EEY,Airbus,A380 861,A388,,EMIRATES,UAE,
346516,EC-NLK,,,B738,,Alba Star,LAV,JQ
44008f,OE-9125,,,SF25,,,,
4cc277,TF-FIK,Boeing,757 256/W,B752,,ICEAIR,ICE,
3964f7,F-GZHX,Boeing,737NG 8K2/W,B738,,FRENCH SUN,TVF,
48af01,SP-LVB,,,B38M,,,,
4ac9ef,SE-ROO,,,A20N,Scandinavian Airlines,SCANDINAVIAN,SAS,SK
4692d1,SX-DVQ,Airbus,A320 232,A320,,AEGEAN,AEE,
49514f,CS-TJO,,,A21N,,,,
4400b7,OE-IZL,,A320-214 (W),A320,Easyjet Europe,,EJU,EC
3c4b30,D-ABYP,Boeing,747 830,B748,,LUFTHANSA,DLH,
392ae9,F-GKXJ,Airbus,A320 214,A320,,AIRFRANS,AFR,
4d22bf,9H-IHD,Airbus,A320-232,A320,Lauda Air,LAUDA AIR,LDA,NG
0a004b,7T-VKC,Boeing,737NG 8D6/W,B738,,AIR ALGERIE,DAH,
4d2246,9H-QEJ,,737-8AS (W),B738,Malta Air,,MAY,AL
738051,4X-EHB,Boeing,737NG 958ER/W,B739,,ELAL,ELY,
407dc5,G-VTOM,,,A339,,,,
a4dbef,N412DX,Airbus,A330-941,A339,Delta Air Lines,DELTA,DAL,DL
3c66b2,D-AIUR,Airbus,A320 214SL,A320,,LUFTHANSA,DLH,
3c6427,D-AIAG,Airbus,A321 211SL,A321,,CONDOR,CFG,
4b18f5,HB-JLT,Airbus,A320-214,A320,Swiss International Air Lines,SWISS,SWR,LX
406660,G-TAWA,Boeing Company,BOEING 737-8K5,B738,,TOMSON,TOM,
4891b6,SP-ENX,Boeing,737NG 8Q8/W,B738,,,,
485b45,PH-BKF,Boeing Charleston (chs),Boeing 787-10,B78X,Klm Royal Dutch Airlines (koninklijke Luchtvaart Maatschappij N.v.) - Netherlands,KLM,KLM,
7811fd,B-8596,,,A332,,,,
4ca855,EI-EMM,The Boeing Company,BOEING 737-8AS,B738,,RYANAIR,RYR,
c01a61,C-FJZS,The Boeing Company,777-333ER (Boeing),B77W,,AIR CANADA,ACA,
484ac1,PH-PXY,Agustawestland,AW.139,A139,Klpd Police Aviation Service,ZXP25,,
34604c,EC-MXA,Bombardier,CRJ-1000,CRJX,Air Nostrum,AIR NOSTRUM,ANE,YW
40697b,G-EUYP,Airbus Sas,AIRBUS A320-232,A320,,SPEEDBIRD,BAW,
4cac63,EI-AZB,,,B738,,,,
400610,G-VIIJ,Boeing Company,BOEING 777-236,B772,,SPEEDBIRD,BAW,
4cc510,TF-ICU,,737-8,B38M,Icelandair,ICEAIR,ICE,FI
495212,CS-TPR,Embraer,EMB-190 LR,E190,,AIR PORTUGAL,TAP,
4bb28a,TC-LTJ,,,A21N,,,,
4b1a65,HB-JZX,Airbus,A320-214,A320,Easyjet Switzerland Sa,,,
3cefbd,D-CSCB,Cessna, 560 Citation XLS+,C56X,Silver Cloud Air,SILVER CLOUD,SCR,
4caf7e,EI-SIE,,,A20N,Sas Ireland,,SZS,SL
3c64a6,D-AIEF,Airbus Industrie,A321-271NX,A21N,Lufthansa,LUFTHANSA,DLH,LH
4bb290,TC-LTP,,,A21N,,,,
3c66b8,D-AIUX,Airbus,A320 214SL,A320,,LUFTHANSA,DLH,
3c5ef0,D-AGWP,Airbus,Airbus A319 132,A319,,GERMAN WINGS,GWI,
3c70c6,D-ALFF,Boeing,777-FBT,B77L,Lufthansa Cargo,LUFTHANSA CARGO,GEC,LH
780fdb,B-7879,Boeing,787 9,B789,,AIR CHINA,CCA,
4b17fd,HB-JCF,C Series Aircraft Limited Partnership,BD-500-1A11 (CS300),BCS3,Swiss International Air Lines,SWISS,SWR,LX
c01723,C-FITU,The Boeing Company,777-333ER (Boeing),B77W,,AIR CANADA,ACA,
3c5428,D-AEAH,Airbus,A300 B4-622RF,A306,European Air Transport,EUROTRANS,BCS,QY
3c6541,D-AIJA,Airbus Industrie,A320-271N,A20N,Lufthansa,LUFTHANSA,DLH,LH
406a3d,G-EUYT,Airbus Sas,AIRBUS A320-232,A320,,SPEEDBIRD,BAW,
406e0f,G-VBZZ,Boeing Company,BOEING 787-9 Dreamliner,B789,Virgin Atlantic Airways,VIRGIN,VIR,VS
86e3ec,JA861J,Boeing,787 9,B789,,J-BIRD,JAL,
484f18,PH-BCB,Boeing,737NG 8K2/W,B738,,KLM,KLM,
888152,VN-A896,,,A359,,,,
405455,G-EUUU,Airbus Sas,AIRBUS A320-232,A320,,SPEEDBIRD,BAW,
4076e4,G-NEOV,Airbus Industrie,A321-251NX,A21N,British Airways,SPEEDBIRD,BAW,BA
4b1a24,HB-JXK,Airbus,A320-214,A320,Easyjet Switzerland Sa,,,
4ca763,EI-EFH,The Boeing Company,BOEING 737-8AS,B738,,RYANAIR,RYR,
495218,CS-TPX,,,E190,,,,
3463c6,EC-NHP,,,A319,,,,
394a0b,F-GSQL,Boeing,Boeing 777-328(ER),B77W,,AIRFRANS,AFR,
44ce66,OO-SSF,Airbus,A319 112,A319,Brussels Airlines,BEE-LINE,BEL,SN
a07176,N128AM,Boeing,787-9,B789,,,,
ab9b54,N847RC,Gulfstream Aerospace,GIV-X (G450),GLF4,,,,
4cad39,EI-HEY,,,B38M,,,,
392af8,F-GKXY,Airbus,A320 214,A320,,AIRFRANS,AFR,
44081f,OE-LWC,Embraer,EMB-195 LR,E195,,AUSTRIAN,AUA,
440cbf,OE-LSO,,,A20N,,,,
4bb1e8,TC-LOH,,,A332,,,,
346045,EC-MYA,,A330-202,A332,Level (iberia),IBERIA,IBE,IB
89618f,A6-EEP,Airbus,A380 861,A388,,EMIRATES,UAE,
3964ee,F-GZHO,Boeing,737NG 8K2/W,B738,,FRENCH SUN,TVF,
4844c6,PH-BXV,Boeing,737NG 8K2/W,B738,,KLM,KLM,
4bb14e,TC-LJN,,Boeing 777-F,B77L,Turkish Airlines,TURKISH,THY,TK
39c426,F-HRBG,Boeing,787-9,B789,Air France,AIRFRANS,AFR,AF
405bfd,G-YMMT,Boeing Company,BOEING 777-236,B772,,SPEEDBIRD,BAW,
406a02,G-EUYS,Airbus Sas,AIRBUS A320-232,A320,,SPEEDBIRD,BAW,
407aae,G-NJAA,,,C56X,,,,
3c65c6,D-AINF,Airbus,A320 271NSL,A20N,,LUFTHANSA,DLH,
4ba9ea,TC-JOJ,Airbus,A330 303,A333,,TURKAIR,THY,
345250,EC-MLC,Bombardier,CRJ 1000 NG,CRJX,Air Nostrum,AIR NOSTRUM,ANE,YW
484561,PH-BVD,Boeing,Boeing 777-306(ER),B77W,,KLM,KLM,
4074b2,G-EZRT,,,A320,,,,
3c76ef,D-AMWO,,,E190,,,,
406832,G-VWAG,Airbus Sas,AIRBUS A330-343,A333,,VIRGIN,VIR,
347386,EC-NXC,,,A359,,,,
40097e,G-EUUC,Airbus Sas,AIRBUS A320-232,A320,,SPEEDBIRD,BAW,
02a1b0,TS-INQ,Airbus,A320 214,A320,Nouvelair Tunisie,NOUVELAIR,LBT,BJ
34538d,EC-MQL,Airbus,A321 231SL,A321,,VUELING,VLG,
0a008e,7T-VKO,Boeing,737NG 8D6/W,B738,Air Algerie,AIR ALGERIE,DAH,AH
76cef6,9V-SWV,Boeing,777 312ER,B77W,,SINGAPORE,SIA,
4ca24f,EI-DCW,The Boeing Company,BOEING 737-8AS,B738,,RYANAIR,RYR,
3c6496,D-AIDV,Airbus,A321 231,A321,,LUFTHANSA,DLH,
a4ee82,N417DX,Airbus,A330-941,A339,Delta Air Lines,DELTA,DAL,DL
4d20f6,9H-VJN,Bombardier,Bombardier Global 6000,GLEX,,,,
e4818b,PT-MUC,Boeing,777 32WER,B77W,,TAM,TAM,
451cc1,LZ-PLO,Embraer,EMB-190 AR,E190,,FLYING BULGARIA,LZB,
78076d,B-2087,Boeing,Boeing 777-39L(ER),B77W,,AIR CHINA,CCA,
4b1800,HB-JCI,C Series Aircraft Limited Partnership,BD-500-1A11 (CS300),BCS3,Swiss International Air Lines,SWISS,SWR,LX
398570,F-HBLQ,Embraer,E190STD,E190,Hop!,AIR HOP,HOP,A5
485e31,PH-IWS,,,FA7X,,,,
4072ea,G-VWOO,,Boeing 787-9,B789,Virgin Atlantic Airways,VIRGIN,VIR,VS
3c6677,D-AISW,Airbus,A321 231,A321,,LUFTHANSA,DLH,
020145,CN-NMO,Airbus,A320-214,A320,Air Arabia Maroc,ARABIA MAROC,MAC,3O
40666a,G-EZUP,Airbus Sas,AIRBUS A320-214,A320,,EASY,EZY,
3c6483,D-AIDC,Airbus,A321 231,A321,,LUFTHANSA,DLH,
39cf01,F-HTYB,Airbus,A350-941,A359,Air France - France,AIRFRANS,AFR,
346147,EC-NCM,,,A20N,,,,
461fa2,OH-LZM,Airbus,A321 231SL,A321,,FINNAIR,FIN,
3c6566,D-AIKF,Airbus,A330 343X,A333,,LUFTHANSA,DLH,
484161,PH-BXH,Boeing,737NG 8K2/W,B738,,KLM,KLM,
78103e,B-7973,Boeing,Boeing 777-300(ER),B77W,,AIR CHINA,CCA,
4855d2,PH-EXP,Embraer,Embraer E175STD,E75L,Klm Cityhopper,KLM,KLC,WA
407535,G-TTNE,Airbus Industrie,A320-251N,A20N,British Airways,SPEEDBIRD,BAW,BA
06a2e2,A7-BFU,Boeing,777-F,B77L,Qatar Air Cargo,QATAR CARGO,QAC,
502d58,YL-ABG,,,BCS3,,,,
89656d,A6-BMH,,,B78X,,,,
495170,CS-TKP,Airbus,A320 214,A320,,AIR AZORES,RZO,
4ca80b,EI-EKK,The Boeing Company,BOEING 737-8AS,B738,,RYANAIR,RYR,
344417,EC-LUL,Airbus,A320 216SL,A320,,IBERIA,IBE,
4b028d,HB-AZD,Embraer,E190-E2,E290,Helvetic Airways,HELVETIC,OAW,2L
a89fe0,N655FX,Gulfstream Aerospace Corp,GVI (G650ER),GLF6,,,,
3c65d2,D-AINR,Airbus Industrie,A320-271N,A20N,Lufthansa,LUFTHANSA,DLH,LH
3c01c3,D-APRI,,,E190,,,,
748027,OD-MRN,Airbus,A320 232,A320,,CEDAR JET,MEA,
3e51e9,D-IWFH,,,BE9L,,,,
c0171a,C-FITL,The Boeing Company,777-333ER (Boeing),B77W,,AIR CANADA,ACA,
86da1e,JA838J,Boeing,787 8,B788,,J-BIRD,JAL,
3c6489,D-AIDI,Airbus,A321 231,A321,,LUFTHANSA,DLH,
346204,EC-NDN,Airbus Industrie,A320-251N,A20N,Iberia Airlines,IBERIA,IBE,IB
484f6c,PH-HSF,Boeing,737NG 8K2/W,B738,,TRANSAVIA,TRA,
78158a,B-207N,,,B789,,,,
8880df,VN-A861,Boeing,787 9,B789,,VIET NAM AIRLINES,HVN,
75044b,9M-MAD,,,A359,,,,
3444da,EC-MBS,Airbus,A320 232SL,A320,,VUELING,VLG,
71c008,HL8008,Boeing,777 3B5ER,B77W,,KOREANAIR,KAL,
3c1459,D-AWSI,,,E190,Wdl Aviation,WDL,WDL,WD
3c6585,D-AILE,Airbus,A319 114,A319,,LUFTHANSA,DLH,
4b37ed,HB-VER,Cessna Aircraft Company,525A,C25A,Swiss Private Flights Ag,,,
4bd8ac,TC-VEL,Airbus,A310 308F,A310,,KUZU CARGO,KZU,
484f72,PH-AKB,Airbus,A330 303,A333,,KLM,KLM,
4bc847,TC-RBG,,,A21N,,,,
4caaa7,EI-IMV,Airbus Industrie,A319-111,A319,,ALITALIA,AZA,
34640e,EC-NIG,Airbus,A350-941,A359,Iberia Airlines,IBERIA,IBE,IB
c01754,C-FIVR,The Boeing Company,777-333ER (Boeing),B77W,,AIR CANADA,ACA,
471f78,HA-LXW,,,A321,,,,
495145,CS-TJE,Airbus,A321 211,A321,,AIR PORTUGAL,TAP,
4ca569,EI-DWD,The Boeing Company,BOEING 737-8AS,B738,,RYANAIR,RYR,
343545,EC-LEP,Cessna,Citation V,C560,,,,
4b191b,HB-JNF,Boeing,777-3DEER,B77W,Swiss International Air Lines,SWISS,SWR,LX
4ca8d7,EI-ENL,The Boeing Company,BOEING 737-8AS,B738,,RYANAIR,RYR,
3991e1,F-HEPB,Airbus,A320 214,A320,,AIRFRANS,AFR,
3542c5,T.18-5,,,F900,,,,
406c39,G-VWHO,Boeing Company,BOEING 787-9 Dreamliner,B789,,VIRGIN,VIR,
34454a,EC-MBF,Airbus,A320 214,A320,,VUELING,VLG,
ab5d2c,N831MH,Boeing,767-432ER,B764,,DELTA,DAL,
3c6544,D-AIJD,Airbus Industrie,,A20N,Lufthansa,LUFTHANSA,DLH,LH
345691,EC-MXU,,,A20N,,,,
4b1882,HB-JHI,Airbus,A330-343,A333,Swiss International Air Lines,SWISS,SWR,LX
346184,EC-NDC,,,A20N,,,,
4cad7a,EI-NSA,,,A20N,,,,
39cf0d,F-HTYN,,A350-941,A359,Air France,AIRFRANS,AFR,AF
3c4ad8,D-ABVX,Boeing,747 430,B744,,LUFTHANSA,DLH,
406250,G-EUYI,Airbus Sas,AIRBUS A320-232,A320,British Airways,SPEEDBIRD,BAW,BA
489229,SP-ESK,,,B738,,,,
4b1691,HB-IOF,Airbus,A321-111,A321,Swiss International Air Lines,SWISS,SWR,LX
3c65d8,D-AINX,A320-271n,Airbus A320-271N,A20N,Lufthansa,LUFTHANSA,DLH,LH
485ecc,PH-BVW,Boeing,777-300(ER),B77W,Klm,KLM,KLM,KL
400980,G-EUUE,Airbus Sas,AIRBUS A320-232,A320,British Airways,SPEEDBIRD,BAW,BA
0a008b,7T-VKL,Boeing,737NG 8D6/W,B738,,AIR ALGERIE,DAH,
4d2286,9H-QDP,Boeing,Boeing 737-8AS (W),B738,Malta Air,,MMO,
502ce5,YL-CSK,,Airbus A220-300,BCS3,Air Baltic,AIRBALTIC,BTI,BT
4408df,OE-LBZ,Airbus,A320 214,A320,,AUSTRIAN,AUA,
39e688,F-HZUI,,A220-300,BCS3,Air France,AIRFRANS,AFR,AF
3c5b31,D-AFYQ,,,A333,,,,
3c64ac,D-AIEL,,,A21N,,,,
7816b3,B-20AL,Boeing,Boeing 787-9,B789,Hainan Airlines,HAINAN,CHH,HU
440bcc,OE-LNU,757-256 (pcf)(w),,B752,Dhl Air Austria,,DHA,Q7
4952aa,CS-TUJ,,A330-941,A339,Tap Portugal,AIR PORTUGAL,TAP,TP
3c6648,D-AIRH,Airbus,Airbus A321 131,A321,,LUFTHANSA,DLH,
3986e1,F-HBXB,Embraer,EMB-170 STD,E170,Hop!,AIR HOP,HOP,A5
3e232e,D-IENE,Cessna,Citation CJ2+,C25A,,,,
484370,PH-BQI,Boeing,777 206ER,B772,,KLM,KLM,
406ae3,G-EUYW,Airbus Sas,AIRBUS A320-232,A320,,SPEEDBIRD,BAW,
491221,CS-DQA,Cessna,Citation XLS,C56X,,,,
3c4a03,D-ABPC,,,B789,,,,
4cad86,EI-SIR,,,A20N,,,,
34260e,EC-KHM,Airbus,A319 111,A319,,IBERIA,IBE,
3c5434,D-AEAT,Airbus,A300 B4-622RF,A306,European Air Transport,EUROTRANS,BCS,QY
440107,OE-IBI,,,B734,,,,
344197,EC-LOV,Bombardier,CRJ 1000 NG,CRJX,,AIR NOSTRUM,ANE,
440db0,OE-IDX,Airbus Industrie,A320-216 (W),A320,Easyjet,EASY,EJU,U2
4007f3,G-YMMH,Boeing Company,BOEING 777-236,B772,British Airways,SPEEDBIRD,BAW,BA
76cda4,9V-SMD,Airbus,A350 941,A359,,SINGAPORE,SIA,
3949ec,F-GSPM,Boeing,777 228ER,B772,,AIRFRANS,AFR,
4010ea,G-EZBV,Airbus Sas,AIRBUS A319-111,A319,,EASY,EZY,
4b028a,HB-AZA,Embraer,E190-E2,E290,Helvetic Airways,HELVETIC,OAW,2L
44ce6c,OO-SSL,Airbus,A319 111,A319,Brussels Airlines,BEE-LINE,BEL,SN
0101bc,SU-GEL,Boeing,Boeing 737NG 800/W,B738,,EGYPTAIR,MSR,
491d84,CS-GLD,Bombardier,Bombardier Global 6000,GLEX,,,,
40658a,G-LCYP,Embraer Sa,ERJ 190-100 SR Embraer 190,E190,,FLYER,CFE,
e8040d,CC-CXK,Boeing,767 316ER/W,B763,,LAN,LAN,
44ce6f,OO-SSO,Airbus,A319 111,A319,Brussels Airlines,BEE-LINE,BEL,SN
3965ae,F-GZNO,Boeing,777 328ER,B77W,,AIRFRANS,AFR,
3c56eb,D-AEWK,Airbus,A320 214SL,A320,,EUROWINGS,EWG,
4063e6,G-VSXY,Airbus Sas,AIRBUS A330-343,A333,,VIRGIN,VIR,
440caf,OE-LVC,,,B738,,,,
8880f7,VN-A867,Boeing,787 9,B789,,VIET NAM AIRLINES,HVN,
aa305f,N756AM,Boeing,777-223,B772,,AMERICAN,AAL,
4d228a,9H-QDW,,,B738,,,,
4cada8,EI-INC,Airbus Industrie,A320-271N,A20N,Ita Airways,,,
48c12e,SP-RKO,,737-8AS (W),B738,,ROYAL SKY,RYS,
3965b4,F-GZNU,Boeing,777 328ER,B77W,,AIRFRANS,AFR,
39a203,F-HIQD,,,B738,,,,
4076e0,G-NPTD,,,B738,,,,
4951d3,CS-TNS,Airbus,A320 214SL,A320,,AIR PORTUGAL,TAP,
345646,EC-MYC,,,A320,,,,
3c7a48,D-ANRH,,,A339,,,,
40780e,G-NEOY,,,A21N,British Airways,SPEEDBIRD,BAW,BA
4ca759,EI-DTA,Airbus Industrie,A320-216,A320,,ALITALIA,AZA,
39d30a,F-HUYK,,,B738,,,,
440170,OE-LQN,Airbus Industrie,A319-111,A319,Easyjet,EASY,EZY,U2
06a0fe,A7-ALJ,Airbus,A350 941,A359,Qatar Airways,QATARI,QTR,QR
392aec,F-GKXM,Airbus,A320 214,A320,,AIRFRANS,AFR,
471fa9,HA-LZT,,,A21N,,,,
4b17e6,HB-JBI,,,BCS1,,,,
3c6445,D-AIBE,Airbus,A319 112,A319,,LUFTHANSA,DLH,
06a1e9,A7-BFL,Boeing,Boeing 777-F,B77L,Qatar Airways,QATARI,QTR,QR
405b67,G-EZDN,Airbus Sas,AIRBUS A319-111,A319,,EASY,EZY,
48548c,PH-EXK,Embraer,EMB-175 200STD,E75L,Klm Cityhopper,KLM,KLC,WA
4ca25b,EI-DHF,The Boeing Company,BOEING 737-8AS,B738,,RYANAIR,RYR,
4bb18e,TC-LLN,,B787-9,B789,Turkish Airlines,TURKISH,THY,TK
407667,G-UZMD,Airbus,A321-251NX,A21N,Easyjet Airline Company Limited - United Kingdom,EASY,EZY,
44a924,OO-JID,,,C525,,,,
8005f0,VT-ANG,Boeing,787 8,B788,,AIRINDIA,AIC,
4ca8ff,EI-EIC,Airbus Industrie,A320-216,A320,,ALITALIA,AZA,
344213,EC-LPG,Bombardier,CRJ 1000 NG,CRJX,,AIR NOSTRUM,ANE,
406d78,G-ZBKB,Boeing Company,BOEING 787-9 Dreamliner,B789,,SPEEDBIRD,BAW,
4009c7,G-EUUJ,Airbus Sas,AIRBUS A320-232,A320,,SPEEDBIRD,BAW,
4ca80e,EI-EKN,The Boeing Company,BOEING 737-8AS,B738,,RYANAIR,RYR,
8003e4,VT-ALL,,,B773,,,,
3c64b1,D-AIEQ,Airbus Industrie,A321-271NX,A21N,Lufthansa,LUFTHANSA,DLH,LH
4d227d,9H-QDM,,,B738,,,,
407af4,G-XWBK,,A350-1041,A35K,British Airways,SPEEDBIRD,BAW,BA
4b1809,HB-JCR,C Series Aircraft Limited Partnership,BD-500-1A11 (CS300),BCS3,Swiss International Air Lines,SWISS,SWR,LX
394a0d,F-GSQN,Boeing,777 328ER,B77W,,AIRFRANS,AFR,
3965a7,F-GZNH,Boeing,777 328ER,B77W,,AIRFRANS,AFR,
440589,OE-LQM,,,A319,,,,
780d9c,B-2020,Boeing,Boeing 777-39P(ER),B77W,,CHINA EASTERN,CES,
3c674d,D-AIZM,Airbus,A320 214,A320,,LUFTHANSA,DLH,
503e61,LY-LGA,,,A320,,,,
484a92,PH-PXB,Eurocopter,EC135 P2+,EC35,Klpd Police Aviation Service,ZXP02,,
4b1618,HB-IJO,Airbus,A320-214,A320,Swiss International Air Lines,SWISS,SWR,LX
484ee5,PH-HSE,Boeing,737NG 8K2/W,B738,,KLM,KLM,
44b2ad,OO-LUM,Dassault,Falcon 7X,FA7X,Belgian Air Component,BELGIAN AIRFORCE,BAF,
3c49cc,D-ABNL,Airbus,A320 214,A320,,EUROWINGS,EWG,
346419,EC-NIS,Airbus Industrie,A350-941,A359,Iberia Airlines,IBERIA,IBE,IB
3c4581,D-AALA,Boeing,Boeing 777-FZN,B77L,Aerologic,GERMAN CARGO,BOX,3S
3c6753,D-AIZS,Airbus,A320 214SL,A320,,EUROWINGS,EWG,
48520d,PH-HXE,Boeing,737NG 8K2/W,B738,,TRANSAVIA,TRA,
3444d0,EC-MBD,Airbus,A320 214,A320,,VUELING,VLG,
4952c2,CS-TVB,Airbus,A320 251N ,A20N,Tap Portugal,AIR PORTUGAL,TAP,TP
7380c3,4X-EDD,,B787-9,B789,El Al Israel Airlines,ELAL,ELY,LY
406a04,G-XLEE,Airbus Sas,AIRBUS A380-841,A388,,SPEEDBIRD,BAW,
491316,CS-DXV,Cessna,Citation XLS,C56X,,,,
4403a2,OE-GAG,,,LJ75,,,,
486484,PH-NXG,,,E295,,,,
47a1ef,LN-ENS,,,B738,Norwegian Air Shuttle,NOR SHUTTLE,NAX,DY
346187,EC-NBS,,,C68A,,,,
345084,EC-MGF,Airbus,A319 112,A319,,VUELING,VLG,
407da5,G-VJAZ,,,A339,,,,
06a1ed,A7-BFP,Boeing,777-FDZ,B77L,Qatar Air Cargo,QATAR CARGO,QAC,
407575,G-EZRZ,Airbus Industrie,A320-214,A320,Easyjet,EASY,EZY,U2
3c658b,D-AILK,Airbus,A319 114,A319,,LUFTHANSA,DLH,
80073d,VT-ANW,Boeing,787 8,B788,,AIRINDIA,AIC,
3c5431,D-AEAQ,Airbus,A300 B4-622RF,A306,European Air Transport,EUROTRANS,BCS,QY
4d21eb,9H-QAC,Boeing,737-8AS (W),B738,Ryanair Ltd. - Ireland,RYANAIR,RYR,
e80422,CC-BDC,Boeing,767 316ER/W,B763,,LAN,LAN,
407131,G-VBOW,Boeing Company,BOEING 787-9 Dreamliner,B789,,VIRGIN,VIR,
3c6676,D-AISV,Airbus,A321 231,A321,,LUFTHANSA,DLH,
3465c5,EC-NOI,Airbus,A350-941,A359,World2fly,,WFL,
394c0a,F-GTAK,Airbus,A321 212,A321,Air France,AIRFRANS,AFR,AF
4cabc4,EI-GUM,,ATR 72-600,AT76,Federal Express,FEDEX,FDX,FX
89653b,A6-BND,,,B789,,,,
3985a4,F-HBNE,Airbus,A320 214,A320,,AIRFRANS,AFR,
c0175a,C-FIVX,The Boeing Company,777-333ER (Boeing),B77W,,AIR CANADA,ACA,
4cac02,EI-KBI,,,A20N,,,,
486071,PH-BKL,,,B78X,,,,
4d02dd,LX-FLJ,,,PC12,,,,
40666c,G-EZUS,Airbus Sas,AIRBUS A320-214,A320,,EASY,EZY,
3451d3,EC-MKM,Airbus,A320 232SL,A320,,VUELING,VLG,
34610f,EC-NCS,,,A20N,,,,
e072cf,LV-GKO,Airbus,A330 203,A332,,ARGENTINA,ARG,
738063,4X-EKA,Boeing,737NG 858/W,B738,,ELAL,ELY,
44d2aa,OO-TUJ,,,C177,,,,
44022b,OE-LXB,Airbus Industrie,A320-216,A320,Austrian Airlines,AUSTRIAN,AUA,OS
4951ca,CS-TNJ,Airbus,A320 214,A320,,AIR PORTUGAL,TAP,
3c4a8b,D-ABTK,Boeing,747 430,B744,,LUFTHANSA,DLH,
4792a6,LN-NIM,,,B738,,,,
3c6746,D-AIZF,Airbus,A320 214,A320,,LUFTHANSA,DLH,
4d225b,9H-QCU,,,B738,,,,
a0a54a,N14016,Boeing,787-10,B78X,United Airlines,UNITED,UAL,UA
3c7a45,D-ANRE,,,A339,,,,
4403ec,OE-FCB,Cessna,Citation Mustang,C510,,,,
4ba9c4,TC-JND,Airbus,A330 203,A332,,TURKAIR,THY,
485206,PH-EXE,Embraer,EMB-190 STD,E190,Klm Cityhopper,CITY,KLC,WA
471f71,HA-LXP,Airbus,A321 231SL,A321,,WIZZ AIR,WZZ,
7c806e,VH-ZNK,,787-9 Dreamliner,B789,Qantas,QANTAS,QFA,QF
3420ca,EC-IXD,Airbus,A321 212,A321,,IBERIA,IBE,
48b9c9,SP-OOK,,,BE40,,,,
48436d,PH-BQF,Boeing,777 206ER,B772,,KLM,KLM,
40093f,G-EUOG,Airbus Industrie,AIRBUS A319-131,A319,,SPEEDBIRD,BAW,
4b0295,HB-AZL,,,E295,,,,
44ce77,OO-SSW,Airbus,A319 111,A319,Brussels Airlines,BEE-LINE,BEL,SN
4079cc,G-VLIB,,,A35K,,,,
484411,PH-AOC,Airbus,A330 203,A332,,KLM,KLM,
3c56ee,D-AEWN,Airbus,A320 214SL,A320,,EUROWINGS,EWG,
3c4438,D-AAAX,Bombardier,Bombardier Challenger 604,CL60,,,,
346082,EC-MVY,Boeing,737-85P,B738,Air Europa,EUROPA,AEA,UX
71c211,HL8211,Airbus,A330 223,A332,,KOREANAIR,KAL,
a43667,N37018,Boeing,777-224,B772,,UNITED,UAL,
3c4b35,D-ABYU,Boeing,747 830,B748,,LUFTHANSA,DLH,
3c6584,D-AILD,Airbus,A319 114,A319,,LUFTHANSA,DLH,
3c667a,D-AISZ,Airbus,A321 231,A321,,LUFTHANSA,DLH,
3e1684,D-HZSM,Eurocopter,EC135 T2+,EC35,,,,
34740f,EC-NZG,,,B788,,,,
4079d2,G-LCAG,,,E190,,,,
0900f1,D2-TEK,Boeing,777 3M2ER,B77W,,DTA,DTA,
484f71,PH-AKA,Airbus,A330 303,A333,,KLM,KLM,
4008ad,G-EUPN,Airbus Industrie,AIRBUS A319-131,A319,,SPEEDBIRD,BAW,
4850bd,P4-AAG,Bombardier,Bombardier Challenger 605,CL60,Corporate Airlink,CORPORATE,COO,
a4b6b6,N4022J,Airbus,A321-271NX,A21N,Jetblue Airways,JETBLUE,JBU,B6
4bc846,TC-RBF,Airbus Industries,A-321neo,A21N,Pegasus Airlines,SUNTURK,PGT,PC
40772e,G-UZHY,,,A20N,,,,
738056,4X-EHH,Boeing,737NG 958ER/W,B739,,ELAL,ELY,
4005be,G-VIIF,Boeing Company,BOEING 777-236,B772,,SPEEDBIRD,BAW,
461f6d,OH-LXL,Airbus,A320 214,A320,,FINNAIR,FIN,
06a2b6,A7-BER,,B777-300(ER),B77W,Qatar Airways,QATARI,QTR,QR
3c0acc,D-ATCH,,,A320,,,,
896534,A6-BLW,The Boeing Co.,787-9 Dreamliner,B789,Etihad Airways,ETIHAD,ETD,EY
040048,ET-AOR,Boeing,787 8,B788,Ethiopian Airlines,ETHIOPIAN,ETH,ET
47ae38,LN-FNL,,,B789,,,,
4008b3,G-EUPS,Airbus Industrie,AIRBUS A319-131,A319,,SPEEDBIRD,BAW,
3443d1,EC-LUN,Airbus,A320 232,A320,,VUELING,VLG,
34530d,EC-MNQ,Bombardier,CRJ 1000 NG,CRJX,,AIR NOSTRUM,ANE,
346199,EC-NFN,Boeing Company,Boeing 757-200(F),B752,Cygnus Air,CYGNUS AIR,RGN,
407698,G-VJAM,Airbus Industrie, A350-1041,A35K,Virgin Atlantic Airways,VIRGIN,VIR,VS
4ca702,EI-EBE,The Boeing Company,BOEING 737-8AS,B738,,RYANAIR,RYR,
471f5c,HA-LWU,Airbus,Airbus A320-232 Sl,A320,Wizz Air,WIZZ AIR,WZZ,W6
780a65,B-KQQ,Boeing,777 367ER,B77W,,CATHAY,CPA,
4b18e4,HB-JLC,,,GLEX,,,,
71007c,HZ-ASC,Airbus,A320 214,A320,,SAUDIA,SVA,
3c7865,D-ANCE,,,E35L,,,,
3c4b4e,D-ABZN,Airbus,A320 216,A320,,EUROWINGS,EWG,
3462c9,EC-NEI,,,B789,,,,
346390,EC-NGY,Airbus,A350-941,A359,Evelop Airlines,EVELOP,EVE,
4009da,G-EUUM,Airbus Sas,AIRBUS A320-232,A320,,SPEEDBIRD,BAW,
3d602e,D-FIRE,Socata,SOCATA TBM 700 B,TBM7,,,,
4bb28f,TC-LTO,,,A21N,,,,
76ceef,9V-SWO,Boeing,777 312ER,B77W,,SINGAPORE,SIA,
4b18b9,HB-JJL,Airbus,A320-214,A320,Edelweiss Air,EDELWEISS,EDW,WK
440005,OE-ING,,,A320,,,,
440b49,OE-HCU,,,CL35,,,,
46b824,SX-NAD,,A321-272NX,A21N,Aegean Airlines,AEGEAN,AEE,A3
ab44af,N825NW,Airbus,A330-302,A333,,DELTA,DAL,
c079d5,C-GUDO,,B787-9,B789,Westjet,WESTJET,WJA,WS
3453c3,EC-MRF,Airbus,A321 231SL,A321,,VUELING,VLG,
c06022,C-GKKN,,B787-9,B789,Westjet,WESTJET,WJA,WS
4853d1,PH-HXG,Boeing,737NG 800/W,B738,,TRANSAVIA,TRA,
343385,EC-LAA,Airbus,A320 214,A320,,VUELING,VLG,
4bc84a,TC-RBJ,,,A21N,,,,
345319,EC-MOY,Airbus,A330 202,A332,,IBERIA,IBE,
34660d,EC-NOL,,,A320,,,,
3a2e21,F-OLRB,Boeing,787 8,B788,,REUNION,REU,
39ce6e,F-HTTO,Bombardier,Global 5000,GL5T,,,,
3949e8,F-GSPI,Boeing,777 228ER,B772,,AIRFRANS,AFR,
3c0ac5,D-ATCA,,,A321,,,,
4952ac,CS-TUL,,Airbus A330-941,A339,Tap Portugal,AIR PORTUGAL,TAP,TP
3986e3,F-HBXD,Embraer,EMB-170 STD,E170,,,,
501d18,9A-CTG,Airbus,A319 112,A319,,CROATIA,CTN,
3452c8,EC-MLO,Bombardier,Bombardier CRJ 1000 NG,CRJX,,CROATIA,CTN,
406b49,G-VNEW,Boeing Company,BOEING 787-9 Dreamliner,B789,Virgin Atlantic Airways,VIRGIN,VIR,VS
4952b2,CS-TUR,,A330-941,A339,Tap Portugal,AIR PORTUGAL,TAP,TP
40631a,G-EZFV,Airbus Sas,AIRBUS A319-111,A319,,EASY,EZY,
c071a4,C-GRAX,The Boeing Company,737-8 (Boeing),B38M,,WESTJET,WJA,
4852f4,PH-EXG,Embraer,ERJ-175STD,E75L,Klm Cityhopper,KLM,KLC,WA
71c391,HL8391,,,B789,,,,
c038ac,C-FVLZ,The Boeing Company,787-9 (Boeing),B789,Air Canada,AIR CANADA,ACA,AC
4007f5,G-YMMJ,Boeing Company,BOEING 777-236,B772,British Airways,SPEEDBIRD,BAW,BA
abb007,N852NW,Airbus,A330-223,A332,,DELTA,DAL,
3991e9,F-HEPJ,Airbus,A320 214SL,A320,,AIRFRANS,AFR,
770592,4R-ALR,Airbus,A330 343E,A333,,SRILANKAN,ALK,
490d06,CS-CHF,Bombardier,Challenger 350,CL35,,,,
869210,JA787A,Boeing,777 381ER,B77W,,ALL NIPPON,ANA,
4b028c,HB-AZC,Embraer,E190-E2,E290,Helvetic Airways,HELVETIC,OAW,2L
406532,G-EUYM,Airbus Sas,AIRBUS A320-232,A320,,SPEEDBIRD,BAW,
44ce6e,OO-SSN,Airbus,A319 112,A319,Brussels Airlines,BEE-LINE,BEL,SN
a9b62c,N725AN,Boeing,777-323ER,B77W,,AMERICAN,AAL,
495303,CS-TXC,,A321-251NX(LR),A21N,Tap Portugal,AIR PORTUGAL,TAP,TP
a4b827,N403DX,Airbus,A330-941,A339,Delta Air Lines,DELTA,DAL,DL
3c4b2c,D-ABYL,Boeing,747 830,B748,,LUFTHANSA,DLH,
4b161e,HB-IJU,Airbus,A320-214,A320,Edelweiss Air,EDELWEISS,EDW,WK
4b0292,HB-AZI,,,E295,,,,
e8046c,CC-BGR,,,B789,,,,
39e68b,F-HZUL,,,BCS3,,,,
39856c,F-HBLM,Embraer,E190STD,E190,Hop!,AIR HOP,HOP,A5
781738,B-20CK,,,B77W,,,,
44061b,OE-LKK,,,A319,,,,
4951d5,CS-TNU,Airbus,A320 214,A320,,AIR PORTUGAL,TAP,
ab87c8,N842FD,Boeing,777FHT,B77L,Federal Express,FEDEX,FDX,FX
39e691,F-HZUR,,,BCS3,,,,
3c4a21,D-ABQA,Bombardier,DHC-8 402,DH8D,Air Berlin,AIR BERLIN,BER,AB
3c66b1,D-AIUQ,Airbus,A320 214SL,A320,,LUFTHANSA,DLH,
4d22ab,9H-NED,,,A20N,,,,
3c64a7,D-AIEG,Airbus Industrie,A321-271NX,A21N,Lufthansa,LUFTHANSA,DLH,LH
502d29,YL-AAY,,A220-300,BCS3,Air Baltic,AIRBALTIC,BTI,BT
3c71a4,D-ALMD,Airbus,A330-200F,A332,European Air Transport,EUROTRANS,BCS,QY
4b193f,HB-JOP,,,A320,,,,
3985a7,F-HBNH,Airbus,A320 214,A320,,AIRFRANS,AFR,
4ca854,EI-EML,The Boeing Company,BOEING 737-8AS,B738,,RYANAIR,RYR,
440668,OE-LBL,Airbus,A320 214,A320,,AUSTRIAN,AUA,
76cdc2,9V-SNB,Boeing,777 312ER,B77W,,SINGAPORE,SIA,
ab7376,N837MH,Boeing,767-432ER,B764,,DELTA,DAL,
4ac9fa,SE-ROZ,Airbus,Airbus 320-251N,A20N,Sas Scandinavian Airlines,SCANDINAVIAN,SAS,
06a2de,A7-BFQ,Boeing,777-F,B77L,Qatar Air Cargo,QATAR CARGO,QAC,
400684,G-VIIL,Boeing Company,BOEING 777-236,B772,,SPEEDBIRD,BAW,
3cc7fe,D-CDAS,Embraer,Phenom 300,E55P,,,,
4d2279,9H-QBH,,,B738,,,,
040187,ET-AXK,,Boeing 787-9 Dreamliner,B789,Ethiopian Airlines,ETHIOPIAN,ETH,ET
484703,PH-NDK,Dassault,Falcon 900 B,F900,,,,
394a09,F-GSQJ,Boeing,777 328ER,B77W,,AIRFRANS,AFR,
3c6749,D-AIZI,Airbus,A320 214,A320,,LUFTHANSA,DLH,
aba7d9,N850FD,Boeing Co,777-FS2,B77L,Federal Express,FEDEX,FDX,FX
3c65ce,D-AINN,Airbus Industrie,A320-271N,A20N,Lufthansa,LUFTHANSA,DLH,LH
495211,CS-TPQ,Embraer,EMB-190 LR,E190,,AIR PORTUGAL,TAP,
4ca97b,EI-EST,The Boeing Company,BOEING 737-8AS,B738,,RYANAIR,RYR,
a8f00e,N675UA,Boeing,767-322,B763,,UNITED,UAL,
4ca263,EI-DHG,The Boeing Company,BOEING 737-8AS,B738,,RYANAIR,RYR,
485000,PH-BVK,Boeing,777 306ER,B77W,,KLM,KLM,
393323,F-GMZD,Airbus,A321 111,A321,,AIRFRANS,AFR,
40123f,G-EUUS,Airbus Sas,AIRBUS A320-232,A320,,SPEEDBIRD,BAW,
3c656e,D-AIKN,Airbus,A330 343E,A333,,LUFTHANSA,DLH,
3c65d4,D-AINT,Airbus Industrie,A320-271N,A20N,Lufthansa,LUFTHANSA,DLH,LH
407943,G-XWBG,Airbus,A350-1041,A35K,British Airways,SPEEDBIRD,BAW,BA
4ac9e7,SE-ROG,Airbus,Airbus A320-251N,A20N,Sas Scandinavian Airline System,SCANDINAVIAN,SAS,
49d034,OK-TSR,Boeing,737NG 82R/W,B738,,SKYTRAVEL,TVS,
3c080d,D-ASBG,Dassault,Dassault Falcon 900EX EASy,F900,,,,
896596,A6-XWA,,A350-1041,A35K,Etihad Airways,ETIHAD,ETD,EY
4b7f43,T-752,,CL-600-2B16 Challenger 604,CL60,Swiss Air Force,SWISS AIR FORCE,SUI,
a4f239,N418DX,Airbus,A330-941,A339,Delta Air Lines,DELTA,DAL,DL
345388,EC-MPA,Bombardier,CRJ 1000 NG,CRJX,Binter Canarias,,IBB,NT
39e684,F-HZUE,,A220-300,BCS3,Air France,AIRFRANS,AFR,AF
4952c4,CS-TVD,,,A20N,,,,
4d00ca,LX-LGG,Bombardier,DHC-8 402 NG,DH8D,,LUXAIR,LGL,
4d2225,9H-QEN,Boeing,Boeing 737-8AS (W),B738,Malta Air,RYANAIR,RYR,
3c6517,D-AIHW,Airbus,A340 642,A346,,LUFTHANSA,DLH,
781344,B-1081,,A350-941,A359,Air China,AIR CHINA,CCA,CA
4bb279,TC-LSY,Airbus,A321-271NX,A21N,Turkish Airlines,TURKAIR,THY,TK
020112,CN-RGQ,Embraer,EMB-190 AR,E190,,ROYALAIR MAROC,RAM,
4ca64e,EI-DYL,The Boeing Company,BOEING 737-8AS,B738,Ryanair,RYANAIR,RYR,FR
40621b,G-STBA,Boeing Company,BOEING 777-336ER,B77W,,SPEEDBIRD,BAW,
aaa6dd,N786AN,Boeing,777-223,B772,American Airlines,AMERICAN,AAL,AA
3c5430,D-AEAP,Airbus,A300B4-622R(F),A306,European Air Transport,EUROTRANS,BCS,QY
0a0077,7T-VKG,Boeing,737NG 8D6/W,B738,Air Algérie,AIR ALGERIE,DAH,AH
4caa5c,EI-EVX,The Boeing Company,BOEING 737-8AS,B738,,RYANAIR,RYR,
3443d4,EC-LVP,Airbus,A320 214SL,A320,,VUELING,VLG,
02005b,CN-ROC,Boeing,737NG 8B6/W,B738,Royal Air Maroc,ROYALAIR MAROC,RAM,AT
3c5433,D-AEAS,Airbus,A300 B4-622RF,A306,European Air Transport,EUROTRANS,BCS,QY
406f77,G-ZBKK,Boeing Company,BOEING 787-9 Dreamliner,B789,,SPEEDBIRD,BAW,
4ca88c,EI-ENA,The Boeing Company,BOEING 737-8AS,B738,,RYANAIR,RYR,
4ba913,TC-JHS,Boeing,737NG 8F2/W,B738,,TURKAIR,THY,
4bcdea,TC-SOJ,,,B38M,,,,
06a0e4,A7-AME,,A350-941,A359,Qatar Airways,QATARI,QTR,QR
a4e35f,N414DZ,Airbus Sas,A330-941,A339,Delta Air Lines,DELTA,DAL,DL
3965aa,F-GZNK,Boeing,777 328ER,B77W,,AIRFRANS,AFR,
484f80,PH-EZX,Embraer,EMB-190 STD,E190,,CITY,KLC,
4b1887,HB-JHN,Airbus,A330-343,A333,Swiss International Air Lines Ltd.,SWISSAIR,SWR,SR
49514d,CS-TJM,Airbus,A321 251N,A21N,Tap Portugal,AIR PORTUGAL,TAP,TP
342091,EC-ILS,Airbus,A320 214,A320,,IBERIA,IBE,
485342,PH-BHH,Boeing,B787-9,B789,,KLM,KLM,
4bc855,TC-RBU,,,A21N,,,,
4b161b,HB-IJR,Airbus,A320-214,A320,Swiss International Air Lines,SWISS,SWR,LX
440052,OE-LBS,Airbus,A320 214,A320,,AUSTRIAN,AUA,
a05626,N12003,Boeing,787-10,B78X,United Airlines,UNITED,UAL,UA
406b90,G-EZWX,Airbus Sas,AIRBUS A320-214,A320,Easyjet,EASY,EZY,U2
346114,EC-NBO,Airbus,Airbus 350-941,A359,Evelop Airlines,SUNBEAM,EVE,
3965b0,F-GZNQ,Boeing,777 328ER,B77W,,AIRFRANS,AFR,
71c251,HL8251,Boeing,777 FB5,B77L,,KOREANAIR,KAL,
407993,G-STBN,,,B77W,British Airways,SPEEDBIRD,BAW,BA
4ca24e,EI-DCX,The Boeing Company,BOEING 737-8AS,B738,,RYANAIR,RYR,
345642,EC-MVO,,,A320,,,,
40779a,G-XWBD,,,A35K,,,,
780bb7,B-2096,Boeing,Boeing 777-FFT,B77L,,,,
3c7a44,D-ANRD,Airbus Industrie,A330-941,A339,Condor Flugdienst,CONDOR,CFG,DE
4951d2,CS-TNR,Airbus,A320 214,A320,,AIR PORTUGAL,TAP,
406a35,G-STBJ,Boeing Company,BOEING 777-336ER,B77W,,SPEEDBIRD,BAW,
aac6f5,N794AV,Boeing,787-8,B788,Avianca,AVIANCA,AVA,AV
8963db,A6-EPL,Boeing,777 31HER,B77W,,EMIRATES,UAE,
4b18f3,HB-JLR,Airbus,A320-214,A320,Swiss International Air Lines,SWISS,SWR,LX
4ca6f1,EI-DSU,Airbus Industrie,A320-216,A320,,ALITALIA,AZA,
44d1a1,OO-TMA,,,B38M,,,,
344297,EC-LQX,Boeing,737NG 85P/W,B738,,EUROPA,AEA,
39cf02,F-HTYC,Airbus Industrie,A350-941,A359,Air France,AIRFRANS,AFR,AF
3c64a4,D-AIED,Airbus,321-271NX,A21N,Deutsche Lufthansa Ag - Germany,LUFTHANSA,DLH,
a11ba0,N17002,Boeing,787-10,B78X,,UNITED,UAL,
4d00c3,LX-LGS,Boeing,737NG 7C9/W,B737,,LUXAIR,LGL,
a0f427,N16008,Boeing,787-10,B78X,United Airlines,UNITED,UAL,UA
44017c,OE-IJH,,A320-214 (W),A320,Easyjet,EASY,EZY,U2
3c6482,D-AIDB,Airbus,A321 231,A321,,LUFTHANSA,DLH,
4cad3e,EI-HMW,,,B38M,,,,
4bb869,TC-NCI,,,A20N,,,,
4caf82,EI-SIF,,,A20N,Sas Ireland,,SZS,SL
3431c9,EC-KRN,,,GALX,,,,
4ba893,TC-JDS,Airbus,A330 243F,A332,,TURKAIR,THY,
48436f,PH-BQH,Boeing,777 206ER,B772,,KLM,KLM,
406b05,G-STBL,Boeing Company,BOEING 777-336ER,B77W,British Airways,SPEEDBIRD,BAW,BA
48ad84,SP-LME,,,E190,,,,
406f7b,G-ZBKO,Boeing Company,BOEING 787-9 Dreamliner,B789,,SPEEDBIRD,BAW,
3c55c6,D-AENF,,,A20N,,,,
aace5c,N796AN,Boeing,777-223,B772,,AMERICAN,AAL,
a99d89,N719AN,Boeing,777-323ER,B77W,American Airlines,AMERICAN,AAL,AA
4ac9f9,SE-ROY,,,A20N,Scandinavian Airlines,SCANDINAVIAN,SAS,SK
4d23f0,9H-GEF,,,B738,,,,
3c65cb,D-AINK,Airbus Industrie,A320-271N,A20N,Lufthansa,LUFTHANSA,DLH,LH
44cdc9,OO-SNI,Airbus,A320 214,A320,Brussels Airlines,BEE-LINE,BEL,SN
39856f,F-HBLP,Embraer,E190STD,E190,Air France,AIRFRANS,AFR,AF
c01734,C-FIUL,Boeing Commercial Airplane,777-333ER (Boeing),B77W,,AIR CANADA,ACA,
48c22e,SP-RSO,Boeing,B737-800,B738,Ryanair Sun,MAGIC SUN,RYR,
407844,G-NEOZ,Airbus Sas,Airbus A321-251NX,A21N,British Airways Plc,SPEEDBIRD,BAW,BA
86da38,JA839A,Boeing,787 9,B789,,ALL NIPPON,ANA,
3c0acb,D-ATCG,,,A321,,,,
484fff,PH-AKE,Airbus,A330 303,A333,Klm,KLM,KLM,KL
48c234,SP-RSW,,,B738,,,,
e8040f,CC-BBB,Boeing,787 8,B788,,LAN,LAN,
4ba9e2,TC-JOB,Airbus,A330 303,A333,,TURKAIR,THY,
502d44,YL-ABC,,,BCS3,Air Baltic,AIRBALTIC,BTI,BT
4b1903,HB-JMH,Airbus,A340-313,A343,Swiss International Air Lines,SWISS,SWR,LX
407cd1,G-XWBL,,,A35K,,,,
440b61,OE-IXA,,737-8AS (BCF)(W),B738,Tay Asl Airlines Belgium,FEDEX,FDX,FX
346456,EC-NJM,,A350-941,A359,Iberia Airlines,IBERIA,IBE,IB
4ca8d8,EI-ENM,The Boeing Company,BOEING 737-8AS,B738,,RYANAIR,RYR,
398562,F-HBLC,Embraer,EMB-190 LR,E190,,,,
3c66a1,D-AIUA,Airbus,A320 214SL,A320,,LUFTHANSA,DLH,
71007e,HZ-ASD,Airbus,A320 214,A320,,SAUDIA,SVA,
3c6669,D-AISI,Airbus,A321 231,A321,Lufthansa,LUFTHANSA,DLH,LH
491312,CS-DXR,Cessna,Citation XLS,C56X,,,,
4951d8,CS-TNX,Airbus,A320 214,A320,,AIR PORTUGAL,TAP,
4d2222,9H-QAP,,,B738,,,,
501c16,9A-SHO,,,A320,Fly Air41 Airways,BERLIN,BER,
4bb152,TC-LJR,Boeing,777-F,B77L,Turkish Airlines - Inc. - Turkey,TURKAIR,THY,
3c135a,D-AWIN,,EMB-135BJ Legacy 650,E35L,Air Hamburg (aho),Air Hamburg,AHO,HH
400a7c,G-DBCC,Airbus Sas,AIRBUS A319-131,A319,,SPEEDBIRD,BAW,
44cdcc,OO-SNL,Airbus Industrie,A320-214,A320,Brussels Airlines,BEE-LINE,BEL,SN
4bb294,TC-LTT,Airbus Industrie,A321-271NX,A21N,Turkish Airlines,TURKISH,THY,TK
347306,EC-NUY,Boeing,737-8GP,B738,Air Europa,EUROPA,AEA,UX
ac5fd6,N897FD,Boeing,777F,B77L,Federal Express,FEDEX,FDX,FX
342059,EC-ILP,Airbus,A321 213,A321,,IBERIA,IBE,
4952a8,CS-TUH,,,A339,,,,
345597,EC-MSL,Bombardier,CRJ-1000,CRJX,Air Nostrum,AIR NOSTRUM,ANE,YW
406014,G-EZTJ,Airbus Sas,AIRBUS A320-214,A320,,EASY,EZY,
40643d,G-EZUC,Airbus Sas,AIRBUS A320-214,A320,,EASY,EZY,
4078ef,G-UZMI,,,A21N,,,,
405bfb,G-YMMR,Boeing Company,BOEING 777-236,B772,,SPEEDBIRD,BAW,
4b180b,HB-JCT,Airbus Industrie,A220-300,BCS3,Swiss International Air Lines,SWISS,SWR,LX
440d01,OE-GJA,,,C68A,,,,
4d2145,9H-CGH,,,FA50,,,,
39cf0c,F-HTYM,,A350-941,A359,Air France,AIRFRANS,AFR,AF
484cc2,PH-EZR,Embraer,EMB-190 STD,E190,,CITY,KLC,
344345,EC-LXK,Airbus,A330 302,A333,,IBERIA,IBE,
ab599b,N830NW,Airbus,A330-302,A333,,DELTA,DAL,
a4fc00,N420DX,Airbus Sas,A330-941,A339,Delta Air Lines,DELTA,DAL,DL
aa5f41,N768AA,Boeing,777-223,B772,,AMERICAN,AAL,
4baa75,TC-JSU,Airbus,A321 231SL,A321,,TURKAIR,THY,
3c0ac7,D-ATCC,,,A321,,,,
461e1d,OH-LKN,Embraer,EMB-190 LR,E190,,FINNAIR,FIN,
06a1d9,A7-CGU,,,GLF6,,,,
495150,CS-TJP,,A321-251NX,A21N,Tap Portugal,AIR PORTUGAL,TAP,TP
3c4a04,D-ABPD,,,B789,,,,
ab5d52,N831NW,Airbus,A330-302,A333,,DELTA,DAL,
44065b,OE-LBW,Airbus,A320 214,A320,,AUSTRIAN,AUA,
3c66eb,D-AIWK,Airbus Industrie,A320-214,A320,Lufthansa,LUFTHANSA,DLH,LH
3c4b28,D-ABYH,Boeing,B747-830,B748,,LUFTHANSA,DLH,
424bd7,M-JCBB,,,GL7T,,,,
c04fe4,C-GEGP,,A330-343E,A333,Air Canada,AIR CANADA,ACA,AC
495292,CS-TTR,Airbus,A319 112,A319,,AIR PORTUGAL,TAP,
4d234f,9H-VUP,,,B38M,,,,
c030bb,C-FSLU,The Boeing Company,737-8 (Boeing),B38M,Air Canada,AIR CANADA,ACA,AC
494104,CS-PHD,Embraer,Phenom 300,E55P,,,,
748025,OD-MRM,Airbus,A320 232,A320,,CEDAR JET,MEA,
a9ab07,N722AN,Boeing,777-323ER,B77W,,AMERICAN,AAL,
4ca98a,EI-IMN,Airbus Industrie,A319-111,A319,,ALITALIA,AZA,
4b0291,HB-AZH,Embraer,E190-E2,E290,Helvetic Airways,HELVETIC,OAW,2L
406dce,G-HUET,Avions De Transport Regional,ATR 42-500,AT45,,AYLINE,AUR,
48af02,SP-LVC,,737-8 MAX,B38M,Lot Polish Airlines,POLLOT,LOT,LO
4079f6,G-TTNO,,A320 251N,A20N,British Airways,SPEEDBIRD,BAW,BA
aa9800,N782AM,Boeing,787-8,B788,Amx,AEROMEXICO,AMX,
4baa8e,TC-JTN,Airbus,A321 231SL,A321,,TURKAIR,THY,
485345,PH-BHM,Boeing,Boeing 787 9,B789,,KLM,KLM,
70c0fd,A4O-SG,,787-9 Dreamliner,B789,Oman Air,OMAN AIR,OMA,WY
5001db,T7-ME3,,A321-271NX,A21N,Middle East Airlines,CEDAR JET,MEA,ME
4404e9,OE-GGM,,,C68A,,,,
4691c1,SX-DNA,Airbus,A320 232SL,A320,,AEGEAN,AEE,
4952ca,CS-TVJ,Airbus,A320 251NSL,A20N,Tap Portugal,AIR PORTUGAL,TAP,TP
0200f8,CN-RGJ,Boeing,737NG 8B6/W,B738,,ROYALAIR MAROC,RAM,
a31a50,N29971,Boeing,787-9,B789,United Airlines,UNITED,UAL,UA
c030ef,C-FSNU,The Boeing Company,737-8 (Boeing),B38M,Air Canada,AIR CANADA,ACA,AC
e80471,CC-BGV,,,B789,,,,
4bb1c4,TC-LND,Airbus,A330 303,A333,,TURKAIR,THY,
4ca259,EI-DHD,The Boeing Company,BOEING 737-8AS,B738,,RYANAIR,RYR,
495298,CS-TTX,Embraer,EMB-195 AR,E195,,AIR PORTUGAL,TAP,
4baac9,TC-JVI,Boeing,737NG 8F2/W,B738,,TURKAIR,THY,
440667,OE-LBK,Airbus,A320 214,A320,,AUSTRIAN,AUA,
44004f,OE-LBQ,Airbus,A320 214,A320,,AUSTRIAN,AUA,
400fe0,G-EZBO,Airbus Sas,AIRBUS A319-111,A319,,EASY,EZY,
a4eacb,N416DX,Airbus,A330-941,A339,Delta Air Lines,DELTA,DAL,DL
486492,PH-NXI,,,E295,,,,
0a0026,7T-VJS,Boeing,737NG 6D6,B736,,AIR ALGERIE,DAH,
a7c30f,N6FE,Bombardier Inc,BD-700-1A10,CL35,,,,
4d22b0,9H-LOU,,,A320,,,,
a219ea,N2341U,Boeing,777-300ER,B77W,,UNITED,UAL,
89900e,B-16740,Boeing,777-35EER,B77W,Eva Airways Corporation - Taiwan,EVA,EVA,
392af3,F-GKXT,Airbus,A320 214,A320,,AIRFRANS,AFR,
4d22b3,9H-LMJ,,,A320,,,,
502cd7,YL-CSH,,Airbus A220-300,BCS3,,,,
aa7082,N772AN,Boeing,777-223,B772,,AMERICAN,AAL,
34604d,EC-MUZ,Boeing Company,737-85P,B738,Air Europa,EUROPA,AEA,UX
44d076,OO-TCV,Airbus,A320 214,A320,Brussels Airlines,BEE-LINE,BEL,SN
342107,EC-JDM,Airbus,A321 213,A321,,,IBS,
4690e4,SX-DGD,Airbus,A320 232,A320,Aegean Airlines,AEGEAN,AEE,A3
345645,EC-MXG,,,A320,,,,
4d21a2,9H-NEO,,,A20N,,,,
4005ba,G-VIIB,Boeing Company,BOEING 777-236,B772,,SPEEDBIRD,BAW,
49d38f,OK-VAN,Embraer,Phenom 100,E50P,Aerotaxi,AEROTAXI,ITE,
49526a,CS-TSJ,,,A21N,,,,
73806b,4X-EKS,Boeing,737NG 8HX/W,B738,El Al Israel Airlines,ELAL,ELY,LY
4c01eb,YU-APL,,,A319,,,,
a8b57e,N660P,Gulfstream Aerospace Corp,GVII-G600,GA6C,,,,
a1a2a2,N204UA,Boeing,777-222,B772,,UNITED,UAL,
4d214f,9H-ALJ,Dassault,Dassault Falcon 900EX,F900,,,,
4005c0,G-VIIH,Boeing Company,BOEING 777-236,B772,,SPEEDBIRD,BAW,
896409,A6-BLD,Boeing,787 9,B789,,ETIHAD,ETD,
34558e,EC-MSZ,,,B789,,,,
aad3c9,N797UA,Boeing,777-222,B772,,UNITED,UAL,
344646,EC-MEL,Airbus,A320 232SL,A320,,VUELING,VLG,
485a35,PH-BCL,Airbus Industrie,737-8K2,B738,Klm,KLM,KLM,KL
aacaac,N795AV,Boeing,787-8,B788,, S.A.,AVA,
40697c,G-EUYR,Airbus Sas,AIRBUS A320-232,A320,,SPEEDBIRD,BAW,
4cac23,EI-HGL,,,B38M,,,,
adfebb,95-00123,Cessna,UC-35A Citation,C560,,,,
4d2418,9H-EWH,,,A320,,,,
70c0f6,A4O-SE,,,B789,,,,
a4d483,N410DZ,Airbus,A330-941,A339,Delta Air Lines,DELTA,DAL,DL
4952c3,CS-TVC,Airbus,A320-251N,A20N,Tap Air Portugal,,,
3c0bd2,D-ATMJ,,Challenger 604 ,CL60,,,,
4841a6,PH-BXT,Boeing,737NG 9K2/W,B739,,KLM,KLM,
440159,OE-INA,,,A320,,,,
4009c6,G-EUUI,Airbus Sas,AIRBUS A320-232,A320,,SPEEDBIRD,BAW,
4ca764,EI-EFI,The Boeing Company,BOEING 737-8AS,B738,Ryanair,RYANAIR,RYR,FR
4076cc,G-TTNI,Airbus Industrie,A320-251N,A20N,British Airways,SPEEDBIRD,BAW,BA
3c64b0,D-AIEP,,,A21N,,,,
471f35,HA-LVH,,,A21N,,,,
a4bf95,N405DX,Airbus,A330-941,A339,Delta Air Lines,DELTA,DAL,DL
3c66b9,D-AIUY,Airbus,A320 214SL,A320,,LUFTHANSA,DLH,
494116,CS-PHV,,,E55P,,,,
4ca570,EI-DWK,The Boeing Company,BOEING 737-8AS,B738,,RYANAIR,RYR,
4794f2,LN-NIG,Boeing,737NG 8JP/W,B738,,NOR SHUTTLE,NAX,
3965a6,F-GZNG,Boeing,777 328ER,B77W,,AIRFRANS,AFR,
3c4a01,D-ABPA,Boeing,787-9 Dreamliner,B789,Lufthansa,LUFTHANSA,DLH,LH
4b17fe,HB-JCG,C Series Aircraft Limited Partnership,BD-500-1A11 (CS300),BCS3,Swiss International Air Lines Ltd.,SWISS,SWR,LX
394a14,F-GSQU,Boeing,Boeing 777-328(ER),B77W,Air France,AIRFRANS,AFR,AF
44cdcf,OO-SNO,,,A320,,,,
89639c,A6-EOC,Airbus,A380 861,A388,,EMIRATES,UAE,
39cea7,F-HTVH,,,B738,,,,
0a0079,7T-VKI,Boeing,737NG 8D6/W,B738,,AIR ALGERIE,DAH,
3c6659,D-AIRY,Airbus,A321 131,A321,,LUFTHANSA,DLH,LH
3c6754,D-AIZT,Airbus,A320 214SL,A320,,EUROWINGS,EWG,
4006c4,G-VIIS,Boeing Company,BOEING 777-236,B772,,SPEEDBIRD,BAW,
a0996b,N138FE,Boeing,767-300F,B763,Federal Express,FEDEX,FDX,FX
471efd,HA-LTD,Airbus Industries,A321,A321,Wizz Air,WIZZAIR,WZZ,W6
040203,ET-AYM,,A350-941,A359,Ethiopian Airlines,ETHIOPIAN,ETH,ET
76cdaf,9V-SMO,Airbus Industrie,A350-941,A359,Singapore Airlines,SINGAPORE,SIA,SQ
4ca798,EI-DTE,Airbus Industrie,A320-216,A320,,ALITALIA,AZA,
34631a,EC-NIU,Boeing,757-223PCF,B752,Swiftair,SWIFT,SWT,
ab6380,N833AA,Boeing,787-9,B789,,AMERICAN,AAL,
440118,OE-IBO,Boeing Aircraft Company,Boeing 737-490F,B734,Asl Airlines Belgium,QUALITY,TAY,3V
4d2101,9H-OLA,Diamond Aircraft,Twin Star DA42,DA42,,,,
3c644a,D-AIBJ,Airbus,A319 112,A319,,LUFTHANSA,DLH,
4bb284,TC-LTD,,A321-271NX,A21N,Turkish Airlines,TURKISH,THY,TK
3c5ee4,D-AGWD,Airbus,A319 132,A319,,GERMAN WINGS,GWI,
aae958,N802AN,Boeing,787-8,B788,American Airlines,AMERICAN,AAL,AA
345207,EC-MLD,Airbus,A321 231SL,A321,,VUELING,VLG,
440c34,OE-LSI,,,A20N,,,,
3c64f7,D-AIGW,Airbus,A340 313X,A343,,LUFTHANSA,DLH,
4b19b9,HB-JTH,,,FA8X,,,,
4851f5,PH-BVR,Boeing,Boeing 777-306(ER),B77W,Klm,KLM,KLM,KL
780bb6,B-2095,Boeing,Boeing 777-FFT,B77L,,,,
47c0d9,LN-FGI,,,B38M,,,,
896472,A6-EUH,Airbus,A380 861,A388,,EMIRATES,UAE,
4951d1,CS-TNQ,Airbus,A320 214SL,A320,,AIR PORTUGAL,TAP,
ab7fe6,N840AN,Boeing,787-9,B789,American Airlines,AMERICAN,AAL,AA
484b8f,PH-BGH,Boeing,737NG 7K2/W,B737,,KLM,KLM,
896183,A6-EED,Airbus,A380 861,A388,,EMIRATES,UAE,
440356,OE-FBT,Diamond Aircraft,Twin Star DA42,DA42,,,,
4b18f2,HB-JLQ,Airbus,A320-214,A320,Swiss International Air Lines,SWISS,SWR,LX
3c651a,D-AIHZ,Airbus,A340 642,A346,,LUFTHANSA,DLH,
4cad12,EI-HGZ,,,B38M,,,,
3949ea,F-GSPK,Boeing,777 228ER,B772,Air France,AIRFRANS,AFR,AF
40797a,G-ZBLD,,,B78X,,,,
4b1801,HB-JCJ,C Series Aircraft Limited Partnership,BD-500-1A11 (CS300),BCS3,Swiss International Air Lines,SWISS,SWR,LX
4ca757,EI-DSY,Airbus Industrie,A320-216,A320,,ALITALIA,AZA,
3c64a3,D-AIEC,Airbus,321-271NX,A21N,Deutsche Lufthansa Ag - Germany,LUFTHANSA,DLH,
4d2218,9H-QBN,,,B738,,,,
4baa65,TC-JSE,Airbus,A321 231SL,A321,,TURKAIR,THY,
3c65c7,D-AING,Airbus,Airbus A320 271NSL,A20N,,LUFTHANSA,DLH,
ac291f,N883BM,,,B788,,,,
502cce,YL-CSE,Bombardier,C Series 300,BCS3,,AIRBALTIC,BTI,
44029f,OE-LXD,,,A320,,,,
407d75,G-TTNS,,,A20N,,,,
a9d640,N733AR,Boeing,777-323ER,B77W,,AMERICAN,AAL,
0200ae,CN-ROY,Boeing,737NG 8B6/W,B738,,ROYALAIR MAROC,RAM,
440181,OE-LQG,Airbus,A319-111,A319,Easyjet,EASY,EZY,U2
406f7a,G-ZBKN,Boeing Company,BOEING 787-9 Dreamliner,B789,,SPEEDBIRD,BAW,
3c6662,D-AISB,Airbus,A321 231,A321,,LUFTHANSA,DLH,
a1f5ff,N2250U,Boeing,777-300ER,B77W,United Airlines - Inc. - United States Of America,UNITED,UAL,UA
406ecc,G-VFAN,Boeing Company,BOEING 787-9 Dreamliner,B789,Virgin Atlantic Airways,VIRGIN,VIR,VS
3c55c8,D-AENH,,,A20N,,,,
3c66e1,D-AIWA,Airbus,A320 214SL,A320,,LUFTHANSA,DLH,
4b1918,HB-JNC,Boeing,777-3DEER,B77W,Swiss International Air Lines,SWISS,SWR,LX
8880e0,VN-A862,Boeing,787 9,B789,,VIET NAM AIRLINES,HVN,
aae6d5,N801NW,Airbus,A330-323,A333,,DELTA,DAL,
39644e,F-GZCO,Airbus,A330 203,A332,,AIRFRANS,AFR,
4b028e,HB-AZE,Embraer,E190-E2,E290,Helvetic Airways,HELVETIC,OAW,2L
4cacb4,EI-SIA,,,A20N,,,,
e8045b,CC-BGN,Boeing,787 9,B789,,LAN,LAN,
44ccd0,OO-SFP,Airbus Industrie,A330-343,A333,Brussels Airlines,BEE-LINE,BEL,SN
484c52,PH-EZN,Embraer,EMB-190 STD,E190,,CITY,KLC,
3c6443,D-AIBC,Airbus,A319 112,A319,,LUFTHANSA,DLH,
4b1a37,HB-JYD,Airbus,A320-214,A320,Easyjet Switzerland Sa,,,
3c56ef,D-AEWO,Airbus,A320 214SL,A320,,EUROWINGS,EWG,
484444,PH-AOE,Airbus,A330 203,A332,,KLM,KLM,
34469a,EC-MGZ,Airbus,A321 231SL,A321,,VUELING,VLG,
34654b,EC-NLJ,,,A321,,,,
896176,A6-EWD,Boeing,777 21HLR,B77L,,EMIRATES,UAE,
48af05,SP-LVF,Boeing Commercial Aircraft,737 MAX 8,B38M,Lot Polish Airlines,POLLOT,LOT,LO
4bb262,TC-LSB,Airbus,Airbus 321-271NX,A21N,Thy Turkish Airlines,TURKAIR,THY,
39e68d,F-HZUN,,,BCS3,,,,
4caa6d,EI-EJO,Airbus Industrie,A330-202,A332,Ita Airways,ALITALIA,AZA,AZ
89644a,A6-EPU,Boeing,777 300ER,B77W,,EMIRATES,UAE,
484f6d,PH-HSG,Boeing,Boeing 737NG 8K2/W,B738,,TRANSAVIA,TRA,
75044c,9M-MAE,,,A359,,,,
4843f3,PH-BQP,Boeing,777 206ER,B772,,KLM,KLM,
4ca80c,EI-EKL,The Boeing Company,BOEING 737-8AS,B738,,RYANAIR,RYR,
49410d,CS-PHM,,,E55P,,,,
3c1aeb,D-AZFA,,,E190,Wdl Aviation,WDL,WDL,WD
3c664d,D-AIRM,Airbus,A321 131,A321,,LUFTHANSA,DLH,
502d3e,YL-AAZ,,A220-300,BCS3,Air Baltic,AIRBALTIC,BTI,BT
3c5eee,D-AGWN,Airbus,A319 132,A319,,GERMAN WINGS,GWI,
04c159,5Y-KZG,Boeing,787 8,B788,Kenya Airways,KENYA,KQA,KQ
3c6570,D-AIKP,Airbus,A330-343E,A333,,LUFTHANSA,DLH,
a8d76b,N669UA,Boeing,767-322,B763,,UNITED,UAL,
39e680,F-HZUA,,A220-300,BCS3,Air France,AIRFRANS,AFR,AF
440b2f,OE-IWE,,,B738,,,,
39c423,F-HRBD,Boeing,787 9,B789,,AIRFRANS,AFR,
020124,CN-NMJ,Airbus,A320 214SL,A320,Air Arabia Maroc,Air Arabia,MAC,3O
4075ff,G-NEOR,,,A21N,,,,
3462c8,EC-NEN,,A330-202,A332,Level (iberia),,,
345108,EC-MJB,Airbus,A320 232SL,A320,,VUELING,VLG,
485785,PH-BHN,Boeing,Boeing 787-9,B789,Klm,KLM,KLM,KL
3e1cc5,D-ICCB,Textron Aviation,Citation M2,C25M,,,,
4d223a,9H-QCG,,,B738,Ryanair,RYANAIR,RYR,FR
346185,EC-NEA,Airbus,A320-271N,A20N,Vueling Airlines,VUELING,VLG,VY
8963ec,A6-EOO,Airbus,A380 861,A388,,EMIRATES,UAE,
406e65,G-EZOT,Airbus Sas,AIRBUS A320-214,A320,,EASY,EZY,
4850f6,PH-BVN,Boeing,777 306ER,B77W,,KLM,KLM,
345041,EC-MHA,Airbus,A321 231SL,A321,,VUELING,VLG,
780da9,B-2027,Boeing,777 F1B,B77L,,CHINA SOUTHERN,CSN,
3949e9,F-GSPJ,Boeing,777 228ER,B772,,AIRFRANS,AFR,
70209e,S2-AJX,,,B789,,,,
06a30c,A7-BFY,,,B77L,,,,
899038,B-16733,Boeing,777 300ER,B77W,,EVA,EVA,
3452c9,EC-MNZ,Airbus,A320 232SL,A320,,VUELING,VLG,
344693,EC-MES,Airbus,A320 232SL,A320,,VUELING,VLG,
400981,G-EUUF,Airbus Sas,AIRBUS A320-232,A320,,SPEEDBIRD,BAW,
ab538b,N829NW,Airbus,A330-302,A333,Delta Air Lines,DELTA,DAL,DL
440193,OE-IMC,,,B738,,,,
484fdf,PH-BCE,Boeing,737NG 8K2/W,B738,,KLM,KLM,
502ce6,YL-CSL,,,BCS3,Air Baltic,AIRBALTIC,BTI,BT
4bb268,TC-LSH,,A321-271NX,A21N,Turkish Airlines,TURKISH,THY,TK
3c6757,D-AIZW,Airbus,A320 214SL,A320,,LUFTHANSA,DLH,
4ba9cf,TC-JNO,Airbus,A330 343E,A333,,TURKAIR,THY,
4bb06f,TC-LCO,,,B38M,,,,
4d2468,9H-IMP,,,E35L,,,,
3c5b32,D-AFYR,,,A333,,,,
8964c2,A6-BLR,The Boeing Co.,787-9 Dreamliner,B789,Etihad Airways,ETIHAD,ETD,EY
4d2021,9H-AEK,Airbus,A320 214,A320,Air Malta,AIR MALTA,AMC,KM
407979,G-ZBLC,,,B78X,,,,
4ca8db,EI-ENP,The Boeing Company,BOEING 737-8AS,B738,,RYANAIR,RYR,
345543,EC-MRI,,CL-600-2E25 CRJ-1000,CRJX,Air Nostrum,AIR NOSTRUM,ANE,YW
a86ab5,N641UA,Boeing,767-322,B763,,UNITED,UAL,
4cad40,EI-SIM,,,A20N,,,,
40688f,G-ZBJB,Boeing Company,BOEING 787-8 Dreamliner,B788,British Airways,SPEEDBIRD,BAW,BA
4b1698,HB-IOM,Airbus,A321-212,A321,Swiss International Air Lines,SWISS,SWR,LX
485814,PH-EXT,Embraer,ERJ-175STD,E75L,Klm Cityhopper,KLM,KLC,WA
49d414,OK-JNB,,,L410,,,,
76cd70,9V-SKP,Airbus,A380 841,A388,,SINGAPORE,SIA,
440c96,OE-ICJ,,,A320,,,,
34368c,EC-LJX,Bombardier,Bombardier CRJ 1000 NG,CRJX,Air Nostrum,AIR NOSTRUM,ANE,YW
484133,PH-BXD,Boeing,737NG 8K2/W,B738,,KLM,KLM,
347247,EC-NST,,,A21N,,,,
485871,PH-EXV,Embraer,ERJ-190STD,E190,Klm Cityhopper,KLM,KLC,WA
a1f557,N225UA,Boeing,777-222,B772,,UNITED,UAL,
46b927,SX-NIG,,,A20N,,,,
ab5975,N830MH,Boeing,767-432ER,B764,,DELTA,DAL,
345613,EC-MTN,,,A319,Volotea,VOLOTEA,VOE,V7
34644c,EC-NIA,Airbus,A321-251NX,A21N,Iberia Express,IBEREXPRESS,IBS,I2
4ca643,EI-DYA,The Boeing Company,BOEING 737-8AS,B738,,RYANAIR,RYR,
501d1d,9A-CTH,Airbus,A319 112,A319,,CROATIA,CTN,
44046d,OE-ICI,,,A320,,,,
440669,OE-LBM,Airbus,A320 214,A320,,AUSTRIAN,AUA,
48436b,PH-BQD,Boeing,B777-206ER,B772,,KLM,KLM,
495266,CS-TSF,,A321-253N,A21N,,,,
aaba9a,N79011,Boeing,777-224,B772,,UNITED,UAL,
4951ce,CS-TNN,Airbus,A320 214,A320,,AIR PORTUGAL,TAP,
394c14,F-GTAU,Airbus,A321 212,A321,Air France,AIRFRANS,AFR,AF
484371,PH-BQK,Boeing,777 206ER,B772,,KLM,KLM,
346499,EC-NJY,,,A20N,,,,
344699,EC-MGY,Airbus,A321 231SL,A321,,VUELING,VLG,
3430cd,EC-KMI,Airbus,A320 216,A320,,VUELING,VLG,
896307,A6-ENE,Boeing,777 31HER,B77W,,EMIRATES,UAE,
343183,EC-KPB,Cessna,Citation XLS,C56X,,,,
4d225f,9H-QDR,,,B738,,,,
39e692,F-HZUS,,,BCS3,,,,
347206,EC-NSC,,A350-941,A359,Iberia Airlines,IBERIA,IBE,IB
342582,EC-KDT,Airbus,A320 216,A320,,VUELING,VLG,
3c64f0,D-AIGP,Airbus,A340 313X,A343,,LUFTHANSA,DLH,
4b1804,HB-JCM,C Series Aircraft Limited Partnership,BD-500-1A11 (CS300),BCS3,Swiss International Air Lines,SWISS,SWR,LX
39d30b,F-HUYL,,,B738,,,,
400879,G-EUPJ,Airbus Industrie,AIRBUS A319-131,A319,,SPEEDBIRD,BAW,
3424d4,EC-KDH,Airbus,A320 214,A320,,VUELING,VLG,
a4d838,N411DX,Airbus,A330-941,A339,Delta Air Lines,DELTA,DAL,DL
471f03,HA-LTJ,,,A321,,,,
4952a4,CS-TUD,,A330-900,A339,Tap Portugal,AIR PORTUGAL,TAP,TP
8964a0,A6-EQH,Boeing,                                                                       Boeing 777-300(ER),B77W,,EMIRATES,UAE,
39c420,F-HRBA,Boeing,787 9,B789,Air France,AIRFRANS,AFR,AF
0d0a9b,XA-ADH,,B787-9,B789,Aeroméxico,AEROMEXICO,AMX,AM
346458,EC-NJU,Airbus Industrie,A320-251N,A20N,Iberia Airlines,IBERIA,IBE,IB
781949,B-30F9,,A350-941,A359,China Southern Airlines,CHINA SOUTHERN,CSN,CZ
49d420,OK-SWK,,,B38M,,,,
346303,EC-NER,,,A20N,Iberia Airlines,IBERIA,IBE,IB
4841a5,PH-HZN,Boeing,737NG 8K2/W,B738,,TRANSAVIA,TRA,
440866,OE-FDT,Cessna,Citation Mustang,C510,,,,
4b1b1a,HB-KGW,,,SLG2,,,,
3c458f,D-AALO,Boeing,777-F,B77L,Aerologic,GERMAN CARGO,BOX,3S
4854c7,PH-HBJ,,,B738,,,,
3c648a,D-AIDJ,Airbus,A321 231,A321,,LUFTHANSA,DLH,
3c6433,D-AIAS,,,A321,,,,
45ac52,OY-KBR,Airbus,A319 131,A319,,SCANDINAVIAN,SAS,
440ced,OE-IXH,,,B738,,,,
440171,OE-LQW,,,A319,,,,
484558,PH-BGA,Boeing,Boeing 737NG 8K2/W,B738,,KLM,KLM,
3e2274,D-IEGA,Cessna,,C25A,Digajet,,,
3b7544,F-UJCS,,,A332,,,,
461f30,OH-LVC,Airbus,A319 112,A319,,FINNAIR,FIN,
4ca61b,EI-DWM,The Boeing Company,BOEING 737-8AS,B738,,RYANAIR,RYR,
407af5,G-XWBJ,,A350-1041,A35K,British Airways,SPEEDBIRD,BAW,BA
3c6446,D-AIBF,Airbus,A319 112,A319,,LUFTHANSA,DLH,
0a0078,7T-VKH,Boeing,737NG 8D6/W,B738,Air Algérie,AIR ALGERIE,DAH,AH
3c6658,D-AIRX,Airbus,A321 131,A321,,LUFTHANSA,DLH,
3c674e,D-AIZN,Airbus,A320 214,A320,,LUFTHANSA,DLH,
3443d5,EC-LVU,Airbus,A320 214SL,A320,,VUELING,VLG,
4d2369,9H-VUS,,,B38M,,,,
4ca621,EI-DWT,The Boeing Company,BOEING 737-8AS,B738,,RYANAIR,RYR,
3c64c5,D-AIFE,Airbus,A340 313X,A343,,LUFTHANSA,DLH,
4cad52,EI-HHI,,,BCS3,,,,
a4f5f0,N419DX,Airbus Sas,A330-941,A339,Delta Air Lines,DELTA,DAL,DL
398564,F-HBLE,Embraer,EMB-190 LR,E190,Hop!,AIR HOP,HOP,A5
407795,G-UZLC,,A320-251N,A20N,Easyjet,EASY,EZY,U2
4ca4ed,EI-DPI,The Boeing Company,BOEING 737-8AS,B738,,RYANAIR,RYR,
344341,EC-LTM,Boeing,737NG 85P/W,B738,Air Europa,EUROPA,AEA,UX
48c2a2,SP-RZC,,,B38M,,,,
3964f4,F-GZHU,Boeing,737NG 8K2/W,B738,,FRENCH SUN,TVF,
440cac,OE-LZO,,,A20N,,,,
4ca56a,EI-DWE,The Boeing Company,BOEING 737-8AS,B738,,RYANAIR,RYR,
8960e7,A6-EDF,Airbus,A380 861,A388,,EMIRATES,UAE,
345206,EC-MLE,Airbus,A320 232SL,A320,,VUELING,VLG,
4ac9ec,SE-ROL,,,A20N,Scandinavian Airlines,SCANDINAVIAN,SAS,SK
7c4926,VH-OQG,Airbus Industrie,A380-842,A388,,QANTAS,QFA,
485d61,PH-DWA,Embraer Harbin Cn,Embraer 145LI,E145,Jetnetherlands B.v. - Netherlands,,JNL,
4851b0,PH-BHE,Boeing,787 9,B789,,KLM,KLM,
34620b,EC-NFI,Airbus Industrie,A320-271N,A20N,Vueling Airlines,VUELING,VLG,VY
34440b,EC-LVV,Airbus,A320 232SL,A320,,VUELING,VLG,
4078de,G-ZBLB,Boeing Charleston (chs),Boeing 787-10,B78X,British Airways,SANTA,XMS,
4841c4,PH-CKB,Boeing,747 406ERF,B744,,KLM,KLM,
40688c,G-XLEB,Airbus Sas,AIRBUS A380-841,A388,,SPEEDBIRD,BAW,
4851f7,PH-BVU,Boeing,Boeing 777 300ER,B77W,,KLM,KLM,
300554,I-ADJP,Embraer,EMB-195 LR,E195,,DOLOMOTI,DLA,
76cda1,9V-SMA,Airbus,A350 941,A359,,SINGAPORE,SIA,
490d04,CS-CHD,Bombardier,Challenger 350,CL35,,,,
440358,OE-FGC,,,C25M,,,,
40792f,G-TTNL,Airbus Industrie,A320-251N,A20N,British Airways,SPEEDBIRD,BAW,BA
3450d8,EC-MIG,Boeing,787 8,B788,,EUROPA,AEA,
3c55ed,D-AEOM,,,CL60,,,,
34615a,EC-NBM,Boeing Company,B787-9,B789,Air Europa,EUROPA,AEA,UX
3c70ca,D-ALFJ,,777-F1H,B77L,Lufthansa Cargo,LUFTHANSA CARGO,GEC,LH
49514c,CS-TJL,Airbus,A321 251N,A21N,Tap Portugal,AIR PORTUGAL,TAP,TP
346188,EC-NGB,Airbus Industrie,A319-111,A319,Vueling Airlines,VUELING,VLG,VY
44ce72,OO-SSR,Airbus,A319 112,A319,Brussels Airlines,BEE-LINE,BEL,SN
3965b1,F-GZNR,Boeing,777 328ER,B77W,,AIRFRANS,AFR,
89659b,A6-XWE,,,A35K,,,,
4951cb,CS-TNK,Airbus,A320 214,A320,,AIR PORTUGAL,TAP,
45ac30,OY-KAP,Airbus,A320 232,A320,,SCANDINAVIAN,SAS,
344156,EC-LOB,Airbus,A320 214,A320,,VUELING,VLG,
89648a,A6-BLJ,Boeing,787 9,B789,,ETIHAD,ETD,
440606,OE-LZC,,,A320,,,,
344696,EC-MFM,Airbus,A320 232SL,A320,,VUELING,VLG,
3444c4,EC-LZJ,Airbus,A330 302,A333,,IBERIA,IBE,
780aec,B-2042,Boeing,777 F1B,B77L,,CHINA SOUTHERN,CSN,
a05646,N12010,Boeing,787-10,B78X,United Airlines,UNITED,UAL,UA
44d1a2,OO-TMB,,,B38M,,,,
485b42,PH-BKA,,Boeing 787-10,B78X,Klm Royal Dutch Airlines (koninklijke Luchtvaart Maatschappij N.v.) - Netherlands,KLM,KLM,KL
485207,PH-EXF,Embraer,EMB-190 STD,E190,,CITY,KLC,WA
4692ce,SX-DVN,Airbus,A320 232,A320,,AEGEAN,AEE,
500262,T7-SAS,,,GALX,,,,
495307,CS-TXG,,A321-251NX(LR),A21N,Tap Portugal,AIR PORTUGAL,TAP,TP
781225,B-8865,,,A333,,,,
4853f4,PH-EXJ,Embraer,Embraer EMB-175 200STD,E75L,Klm Cityhopper,KLM,KLC,WA
e48ba8,PT-MUE,Boeing,777 32WER,B77W,,TAM,TAM,
48436e,PH-BQG,Boeing,777-206ER,B772,Klm,KLM,KLM,KL
48506b,PH-TFK,Boeing,787 8,B788,,ARKEFLY,TFL,
06a1e7,A7-BFJ,Boeing,777 FDZ,B77L,Qatar Airways Cargo,QATARI,QTR,
44a826,OO-JAF,Boeing,737NG 8K5/W,B738,,BEAUTY,JAF,
4079cd,G-VEVE,,A350-1041,A35K,Virgin Atlantic Airways,VIRGIN,VIR,VS
48af07,SP-LVH,,,B38M,,,,
4aca0d,SE-RPM,Boeing,737-8JP (W),B738,Norwegian Air Shuttle A.s. T/a Norwegian - Norway,NOR SHUTTLE,NAX,
76cd6d,9V-SKM,Airbus,A380 841,A388,,SINGAPORE,SIA,
a4bef6,N4048J,Airbus,A321-271NX,A21N,Jetblue Airways,JETBLUE,JBU,B6
39e68f,F-HZUP,,,BCS3,,,,
780aab,B-LRG,Airbus,A350 941,A359,,CATHAY,CPA,
